sensor_id,timestamp,temperature,humidity,location,sensor_type
1065,2025-04-06T00:12:29.000Z,32.3,42.5,BuildingA_Floor1,TypeC
1032,2025-04-08T20:14:27.000Z,34.8,66.49,BuildingB_Floor1,TypeB
1039,2025-04-08T11:53:33.000Z,20.85,71.59,BuildingB_Floor2,TypeB
1070,2025-04-09T21:34:19.000Z,33.32,62.76,BuildingB_Floor1,TypeB
1049,2025-04-05T21:24:23.000Z,32.32,40.77,BuildingA_Floor2,TypeC
1025,2025-04-05T18:32:52.000Z,27.31,45.83,BuildingA_Floor1,TypeB
1085,2025-04-08T08:52:41.000Z,24.91,76.78,BuildingA_Floor2,TypeA
1005,2025-04-09T17:47:00.000Z,26.08,79.23,BuildingA_Floor2,TypeC
1071,2025-04-10T09:26:30.000Z,34.79,43.37,BuildingB_Floor2,TypeA
1056,2025-04-06T01:54:57.000Z,30.21,71.37,BuildingB_Floor1,TypeC
1044,2025-04-06T05:49:24.000Z,26.89,51.73,BuildingA_Floor2,TypeC
1021,2025-04-10T02:59:48.000Z,29.17,78.67,BuildingA_Floor2,TypeB
1060,2025-04-06T01:51:16.000Z,19.45,36.28,BuildingB_Floor1,TypeB
1096,2025-04-10T10:34:17.000Z,34.17,52.41,BuildingB_Floor2,TypeB
1017,2025-04-08T19:18:19.000Z,29.15,40.33,BuildingA_Floor1,TypeC
1042,2025-04-06T11:50:53.000Z,34.99,42.89,BuildingA_Floor1,TypeC
1021,2025-04-08T15:03:58.000Z,19.66,36.5,BuildingB_Floor1,TypeC
1028,2025-04-09T16:40:02.000Z,27.02,49.82,BuildingB_Floor1,TypeC
1063,2025-04-06T14:40:37.000Z,27.79,67.75,BuildingB_Floor1,TypeA
1000,2025-04-09T17:18:39.000Z,34.33,38.39,BuildingB_Floor1,TypeB
1015,2025-04-10T02:55:22.000Z,29.27,45.72,BuildingB_Floor1,TypeA
1097,2025-04-07T10:30:38.000Z,31.49,78.49,BuildingB_Floor1,TypeC
1063,2025-04-10T01:31:11.000Z,15.0,54.28,BuildingA_Floor1,TypeA
1026,2025-04-08T05:54:32.000Z,34.83,36.36,BuildingB_Floor2,TypeA
1002,2025-04-06T06:09:54.000Z,28.86,38.86,BuildingB_Floor2,TypeB
1024,2025-04-08T02:58:42.000Z,27.25,32.76,BuildingA_Floor1,TypeA
1080,2025-04-07T19:56:22.000Z,32.39,54.16,BuildingB_Floor1,TypeC
1091,2025-04-10T08:56:29.000Z,23.9,71.26,BuildingB_Floor1,TypeB
1052,2025-04-06T07:24:02.000Z,33.08,77.34,BuildingA_Floor1,TypeB
1067,2025-04-06T17:20:34.000Z,30.0,59.69,BuildingA_Floor2,TypeC
1060,2025-04-08T02:50:33.000Z,29.71,39.45,BuildingA_Floor1,TypeC
1082,2025-04-10T02:34:54.000Z,28.58,51.07,BuildingB_Floor1,TypeB
1043,2025-04-09T17:17:47.000Z,21.52,71.79,BuildingA_Floor2,TypeA
1090,2025-04-09T10:44:29.000Z,29.26,43.81,BuildingB_Floor1,TypeA
1013,2025-04-06T06:14:15.000Z,22.14,71.7,BuildingB_Floor1,TypeA
1051,2025-04-09T21:36:36.000Z,31.83,73.37,BuildingA_Floor1,TypeC
1066,2025-04-08T22:37:09.000Z,32.28,70.26,BuildingB_Floor2,TypeA
1053,2025-04-09T19:22:24.000Z,25.4,60.5,BuildingB_Floor1,TypeA
1064,2025-04-10T17:06:40.000Z,17.06,63.91,BuildingB_Floor2,TypeA
1040,2025-04-05T20:25:51.000Z,17.97,38.52,BuildingB_Floor1,TypeC
1081,2025-04-08T05:10:12.000Z,21.74,46.81,BuildingB_Floor1,TypeA
1027,2025-04-08T03:06:23.000Z,26.53,61.57,BuildingB_Floor2,TypeA
1046,2025-04-08T14:15:37.000Z,27.03,55.74,BuildingA_Floor1,TypeB
1052,2025-04-07T13:38:44.000Z,16.35,67.02,BuildingA_Floor2,TypeA
1006,2025-04-06T23:29:00.000Z,32.39,36.22,BuildingA_Floor2,TypeC
1034,2025-04-08T11:30:13.000Z,23.18,31.82,BuildingA_Floor2,TypeC
1038,2025-04-06T04:26:24.000Z,25.08,49.95,BuildingA_Floor1,TypeC
1058,2025-04-09T07:05:02.000Z,17.61,76.57,BuildingB_Floor2,TypeB
1036,2025-04-10T02:04:17.000Z,27.64,58.39,BuildingA_Floor1,TypeB
1036,2025-04-07T15:00:05.000Z,33.79,55.0,BuildingB_Floor2,TypeA
1003,2025-04-06T21:09:08.000Z,16.9,42.45,BuildingB_Floor2,TypeB
1019,2025-04-07T23:25:25.000Z,15.34,73.59,BuildingB_Floor2,TypeB
1084,2025-04-09T05:45:14.000Z,17.91,52.05,BuildingA_Floor2,TypeB
1085,2025-04-10T00:36:21.000Z,19.34,30.02,BuildingB_Floor2,TypeA
1086,2025-04-10T14:31:00.000Z,33.81,53.64,BuildingB_Floor2,TypeB
1018,2025-04-09T11:02:28.000Z,22.95,38.32,BuildingB_Floor1,TypeC
1006,2025-04-09T10:37:13.000Z,27.14,37.79,BuildingA_Floor2,TypeA
1056,2025-04-06T17:32:18.000Z,30.46,50.17,BuildingA_Floor1,TypeB
1004,2025-04-09T18:52:10.000Z,30.25,76.26,BuildingB_Floor1,TypeC
1088,2025-04-09T13:29:18.000Z,26.71,54.91,BuildingA_Floor2,TypeA
1086,2025-04-07T14:07:23.000Z,17.57,57.1,BuildingB_Floor2,TypeA
1089,2025-04-07T04:59:42.000Z,21.96,51.67,BuildingA_Floor2,TypeC
1022,2025-04-06T16:56:48.000Z,22.22,52.59,BuildingA_Floor2,TypeA
1021,2025-04-06T18:14:41.000Z,17.46,53.5,BuildingA_Floor1,TypeC
1086,2025-04-08T03:33:59.000Z,30.17,53.87,BuildingB_Floor1,TypeB
1053,2025-04-06T03:47:03.000Z,25.86,45.91,BuildingB_Floor1,TypeC
1035,2025-04-07T09:37:07.000Z,19.93,44.05,BuildingB_Floor2,TypeB
1058,2025-04-08T13:43:00.000Z,32.61,35.71,BuildingB_Floor2,TypeB
1095,2025-04-08T06:08:31.000Z,31.65,63.5,BuildingB_Floor2,TypeC
1048,2025-04-08T09:36:11.000Z,17.25,76.5,BuildingB_Floor1,TypeC
1041,2025-04-10T18:10:39.000Z,22.99,53.48,BuildingA_Floor1,TypeB
1095,2025-04-06T22:41:24.000Z,18.11,64.77,BuildingA_Floor1,TypeA
1083,2025-04-10T15:26:51.000Z,20.55,48.16,BuildingA_Floor1,TypeA
1092,2025-04-07T13:53:51.000Z,22.64,36.56,BuildingB_Floor2,TypeA
1036,2025-04-09T05:05:39.000Z,19.9,72.06,BuildingB_Floor1,TypeA
1020,2025-04-10T14:57:18.000Z,20.78,33.1,BuildingB_Floor2,TypeC
1035,2025-04-09T16:41:33.000Z,18.13,53.18,BuildingB_Floor2,TypeA
1030,2025-04-09T13:10:46.000Z,18.1,63.85,BuildingB_Floor2,TypeB
1027,2025-04-10T13:03:58.000Z,30.24,77.2,BuildingB_Floor1,TypeB
1038,2025-04-09T08:37:24.000Z,27.9,38.79,BuildingB_Floor2,TypeA
1093,2025-04-09T09:18:56.000Z,15.12,63.51,BuildingB_Floor1,TypeB
1064,2025-04-08T03:44:07.000Z,22.6,78.31,BuildingB_Floor2,TypeB
1072,2025-04-06T10:22:36.000Z,32.48,61.74,BuildingB_Floor2,TypeC
1094,2025-04-09T14:50:04.000Z,30.2,73.02,BuildingB_Floor2,TypeA
1045,2025-04-08T17:51:02.000Z,16.66,43.97,BuildingA_Floor1,TypeC
1072,2025-04-06T13:50:11.000Z,19.2,48.19,BuildingB_Floor2,TypeA
1053,2025-04-09T12:06:06.000Z,28.74,39.91,BuildingA_Floor2,TypeB
1054,2025-04-07T19:44:55.000Z,24.96,62.91,BuildingB_Floor1,TypeA
1017,2025-04-07T03:07:46.000Z,18.87,73.49,BuildingB_Floor1,TypeA
1003,2025-04-06T00:44:53.000Z,19.17,65.38,BuildingB_Floor2,TypeA
1086,2025-04-10T02:20:45.000Z,30.08,63.84,BuildingB_Floor1,TypeB
1054,2025-04-06T08:31:08.000Z,22.86,77.7,BuildingA_Floor2,TypeB
1080,2025-04-08T10:27:22.000Z,15.83,73.99,BuildingB_Floor2,TypeC
1075,2025-04-09T15:28:08.000Z,30.21,58.01,BuildingA_Floor2,TypeA
1075,2025-04-07T13:20:24.000Z,32.15,76.56,BuildingB_Floor2,TypeA
1009,2025-04-09T17:06:31.000Z,15.06,64.41,BuildingB_Floor1,TypeA
1073,2025-04-07T00:00:20.000Z,22.85,50.62,BuildingA_Floor1,TypeC
1033,2025-04-10T09:27:54.000Z,23.0,46.25,BuildingB_Floor2,TypeB
1051,2025-04-09T22:12:56.000Z,19.35,49.17,BuildingB_Floor1,TypeC
1000,2025-04-08T09:20:20.000Z,28.12,31.32,BuildingB_Floor2,TypeB
1095,2025-04-06T19:27:49.000Z,33.72,46.7,BuildingB_Floor1,TypeC
1065,2025-04-07T15:15:39.000Z,25.17,48.23,BuildingA_Floor2,TypeC
1011,2025-04-07T17:38:17.000Z,28.87,35.64,BuildingA_Floor1,TypeB
1028,2025-04-08T16:03:01.000Z,33.86,56.35,BuildingA_Floor2,TypeB
1025,2025-04-09T14:53:27.000Z,15.85,71.97,BuildingB_Floor2,TypeB
1002,2025-04-10T14:14:28.000Z,26.9,42.67,BuildingB_Floor1,TypeA
1009,2025-04-10T09:09:55.000Z,23.23,40.37,BuildingB_Floor2,TypeB
1007,2025-04-09T09:20:04.000Z,20.81,31.15,BuildingA_Floor1,TypeA
1078,2025-04-06T03:50:58.000Z,32.18,38.47,BuildingA_Floor1,TypeC
1064,2025-04-06T22:18:44.000Z,15.41,39.11,BuildingB_Floor1,TypeA
1042,2025-04-07T16:38:19.000Z,27.24,56.42,BuildingB_Floor1,TypeA
1058,2025-04-07T20:42:49.000Z,34.56,43.74,BuildingB_Floor1,TypeB
1075,2025-04-08T00:20:58.000Z,27.99,76.5,BuildingB_Floor2,TypeC
1043,2025-04-08T16:26:59.000Z,30.33,59.38,BuildingA_Floor2,TypeB
1010,2025-04-07T08:11:23.000Z,33.83,65.61,BuildingA_Floor2,TypeC
1032,2025-04-06T15:03:58.000Z,19.95,63.95,BuildingB_Floor1,TypeA
1033,2025-04-06T07:59:59.000Z,32.75,42.64,BuildingA_Floor2,TypeA
1022,2025-04-06T16:33:04.000Z,26.92,32.57,BuildingA_Floor1,TypeA
1091,2025-04-08T01:13:44.000Z,19.25,42.77,BuildingB_Floor1,TypeC
1056,2025-04-09T05:16:36.000Z,21.98,77.94,BuildingB_Floor2,TypeB
1089,2025-04-08T19:44:07.000Z,20.07,41.97,BuildingB_Floor1,TypeC
1023,2025-04-06T00:48:08.000Z,28.16,49.42,BuildingB_Floor1,TypeB
1042,2025-04-08T00:09:15.000Z,15.62,52.9,BuildingA_Floor2,TypeA
1029,2025-04-08T14:31:57.000Z,19.4,63.08,BuildingB_Floor1,TypeA
1067,2025-04-06T13:07:49.000Z,23.15,63.22,BuildingB_Floor1,TypeB
1061,2025-04-10T02:48:49.000Z,20.54,33.15,BuildingB_Floor2,TypeB
1030,2025-04-08T04:01:35.000Z,34.14,49.32,BuildingA_Floor1,TypeB
1061,2025-04-06T00:25:22.000Z,25.7,43.06,BuildingB_Floor1,TypeA
1098,2025-04-08T04:45:51.000Z,32.76,42.33,BuildingB_Floor2,TypeB
1050,2025-04-09T22:00:40.000Z,24.31,38.61,BuildingB_Floor1,TypeB
1001,2025-04-10T15:25:23.000Z,34.44,41.23,BuildingA_Floor2,TypeC
1005,2025-04-10T09:21:13.000Z,26.08,53.32,BuildingA_Floor2,TypeC
1088,2025-04-06T12:39:31.000Z,24.97,61.66,BuildingA_Floor2,TypeC
1028,2025-04-09T19:52:27.000Z,22.49,56.34,BuildingA_Floor2,TypeA
1088,2025-04-05T23:34:36.000Z,33.16,77.75,BuildingB_Floor1,TypeA
1070,2025-04-09T23:45:55.000Z,32.28,43.77,BuildingB_Floor2,TypeC
1056,2025-04-05T23:30:34.000Z,16.67,30.3,BuildingB_Floor2,TypeB
1000,2025-04-10T08:21:00.000Z,15.76,36.18,BuildingB_Floor2,TypeC
1006,2025-04-08T10:50:54.000Z,26.84,61.62,BuildingA_Floor1,TypeA
1022,2025-04-07T00:23:29.000Z,28.61,34.86,BuildingB_Floor1,TypeC
1100,2025-04-08T11:57:26.000Z,22.05,41.73,BuildingB_Floor1,TypeB
1001,2025-04-05T18:54:50.000Z,17.3,57.45,BuildingB_Floor2,TypeA
1037,2025-04-06T06:56:53.000Z,22.27,49.48,BuildingB_Floor2,TypeC
1023,2025-04-10T09:04:19.000Z,16.42,44.76,BuildingA_Floor1,TypeA
1039,2025-04-07T00:02:19.000Z,30.62,43.02,BuildingA_Floor1,TypeC
1041,2025-04-10T05:16:35.000Z,21.28,73.69,BuildingA_Floor1,TypeB
1045,2025-04-09T16:12:34.000Z,31.13,69.9,BuildingB_Floor1,TypeB
1063,2025-04-06T02:04:40.000Z,17.31,41.35,BuildingB_Floor1,TypeB
1024,2025-04-06T09:04:47.000Z,18.4,55.9,BuildingA_Floor2,TypeC
1013,2025-04-08T06:46:29.000Z,24.78,31.77,BuildingB_Floor2,TypeA
1021,2025-04-07T00:15:28.000Z,21.0,39.64,BuildingA_Floor1,TypeC
1029,2025-04-10T06:58:14.000Z,34.89,43.64,BuildingB_Floor2,TypeA
1002,2025-04-06T05:33:33.000Z,22.15,51.19,BuildingA_Floor1,TypeB
1099,2025-04-05T20:29:06.000Z,16.96,30.23,BuildingA_Floor1,TypeA
1087,2025-04-10T07:55:05.000Z,15.65,78.44,BuildingB_Floor2,TypeC
1015,2025-04-06T07:12:36.000Z,29.15,41.73,BuildingA_Floor2,TypeA
1045,2025-04-09T07:02:54.000Z,19.93,48.86,BuildingB_Floor1,TypeB
1099,2025-04-07T06:04:00.000Z,24.74,45.53,BuildingB_Floor1,TypeA
1017,2025-04-08T01:26:19.000Z,25.78,60.32,BuildingB_Floor1,TypeC
1087,2025-04-10T07:19:54.000Z,26.47,71.39,BuildingB_Floor1,TypeB
1054,2025-04-09T07:58:54.000Z,19.07,52.84,BuildingB_Floor2,TypeB
1094,2025-04-09T11:56:08.000Z,15.78,64.84,BuildingA_Floor2,TypeA
1054,2025-04-05T19:06:51.000Z,25.21,43.18,BuildingA_Floor1,TypeB
1025,2025-04-08T18:19:41.000Z,19.37,50.01,BuildingB_Floor2,TypeA
1094,2025-04-09T09:04:18.000Z,32.63,46.98,BuildingB_Floor1,TypeC
1099,2025-04-10T00:43:39.000Z,29.02,51.97,BuildingA_Floor1,TypeB
1073,2025-04-06T19:18:30.000Z,31.55,39.09,BuildingA_Floor2,TypeA
1053,2025-04-08T00:46:47.000Z,18.84,78.67,BuildingB_Floor1,TypeA
1017,2025-04-10T04:14:38.000Z,17.34,46.87,BuildingA_Floor1,TypeB
1082,2025-04-10T05:18:18.000Z,19.83,56.84,BuildingB_Floor1,TypeB
1025,2025-04-08T23:50:34.000Z,17.25,77.95,BuildingB_Floor1,TypeA
1080,2025-04-06T14:26:43.000Z,21.16,42.69,BuildingA_Floor1,TypeB
1009,2025-04-09T18:45:07.000Z,18.01,59.54,BuildingA_Floor2,TypeA
1040,2025-04-05T18:43:16.000Z,22.08,71.85,BuildingB_Floor1,TypeC
1029,2025-04-10T01:49:06.000Z,33.4,73.98,BuildingB_Floor2,TypeA
1092,2025-04-06T22:48:47.000Z,16.15,42.51,BuildingB_Floor1,TypeC
1036,2025-04-05T22:52:36.000Z,24.17,52.35,BuildingA_Floor1,TypeB
1047,2025-04-08T05:48:34.000Z,19.08,58.65,BuildingB_Floor2,TypeC
1014,2025-04-09T01:54:50.000Z,29.8,44.47,BuildingA_Floor2,TypeA
1085,2025-04-09T10:31:10.000Z,25.55,64.87,BuildingA_Floor1,TypeC
1002,2025-04-08T15:46:14.000Z,24.76,52.17,BuildingA_Floor2,TypeB
1079,2025-04-06T00:02:50.000Z,32.86,43.04,BuildingA_Floor1,TypeA
1007,2025-04-07T20:15:00.000Z,21.76,41.05,BuildingA_Floor1,TypeB
1029,2025-04-06T13:09:23.000Z,21.26,33.26,BuildingA_Floor2,TypeB
1038,2025-04-07T20:33:27.000Z,30.46,44.07,BuildingA_Floor2,TypeC
1049,2025-04-05T19:09:05.000Z,30.01,76.09,BuildingB_Floor1,TypeC
1052,2025-04-09T17:25:01.000Z,33.66,38.94,BuildingB_Floor2,TypeA
1042,2025-04-09T16:31:33.000Z,18.92,64.76,BuildingB_Floor2,TypeA
1022,2025-04-06T21:41:00.000Z,28.05,38.68,BuildingA_Floor1,TypeC
1096,2025-04-08T10:00:12.000Z,22.46,58.07,BuildingA_Floor2,TypeB
1047,2025-04-07T00:18:14.000Z,22.21,46.41,BuildingA_Floor2,TypeC
1079,2025-04-07T09:19:23.000Z,31.55,43.56,BuildingB_Floor1,TypeA
1087,2025-04-05T22:13:51.000Z,26.16,65.0,BuildingA_Floor1,TypeC
1099,2025-04-09T19:43:45.000Z,15.94,67.47,BuildingA_Floor2,TypeB
1049,2025-04-07T14:18:19.000Z,15.36,64.14,BuildingB_Floor2,TypeA
1041,2025-04-06T01:21:41.000Z,15.32,77.99,BuildingB_Floor2,TypeC
1076,2025-04-09T07:25:12.000Z,34.57,70.43,BuildingA_Floor2,TypeA
1024,2025-04-06T12:34:54.000Z,17.52,69.32,BuildingA_Floor1,TypeC
1005,2025-04-06T08:43:29.000Z,19.92,41.7,BuildingB_Floor1,TypeA
1071,2025-04-08T08:47:34.000Z,32.52,69.99,BuildingB_Floor1,TypeA
1059,2025-04-10T10:02:41.000Z,30.18,74.86,BuildingB_Floor1,TypeB
1084,2025-04-09T19:13:46.000Z,17.11,53.19,BuildingA_Floor2,TypeA
1076,2025-04-10T16:35:43.000Z,15.34,37.13,BuildingA_Floor2,TypeC
1085,2025-04-10T12:25:44.000Z,33.33,43.1,BuildingB_Floor2,TypeB
1057,2025-04-10T10:29:41.000Z,18.41,30.09,BuildingA_Floor1,TypeB
1065,2025-04-10T02:35:51.000Z,32.83,55.69,BuildingB_Floor1,TypeB
1079,2025-04-07T09:28:13.000Z,32.56,38.3,BuildingA_Floor2,TypeC
1040,2025-04-09T08:19:02.000Z,20.35,57.56,BuildingB_Floor2,TypeA
1093,2025-04-07T15:14:16.000Z,34.37,30.28,BuildingB_Floor2,TypeA
1046,2025-04-10T04:36:30.000Z,33.94,64.57,BuildingA_Floor2,TypeC
1075,2025-04-10T06:34:10.000Z,25.98,71.4,BuildingA_Floor2,TypeC
1063,2025-04-07T03:17:47.000Z,23.35,50.85,BuildingB_Floor1,TypeA
1006,2025-04-10T15:26:11.000Z,19.61,65.89,BuildingA_Floor2,TypeA
1011,2025-04-09T10:03:39.000Z,19.88,43.42,BuildingB_Floor2,TypeC
1011,2025-04-06T06:00:37.000Z,26.96,31.9,BuildingB_Floor2,TypeB
1048,2025-04-10T10:16:53.000Z,16.26,74.72,BuildingB_Floor2,TypeA
1048,2025-04-10T18:22:02.000Z,34.51,43.84,BuildingA_Floor2,TypeB
1063,2025-04-09T01:33:43.000Z,20.82,56.76,BuildingB_Floor1,TypeC
1051,2025-04-09T02:03:05.000Z,24.28,73.41,BuildingB_Floor1,TypeB
1087,2025-04-09T21:47:16.000Z,19.63,39.94,BuildingA_Floor1,TypeB
1078,2025-04-09T01:18:28.000Z,21.93,76.18,BuildingA_Floor2,TypeC
1030,2025-04-10T08:23:17.000Z,27.12,73.29,BuildingA_Floor2,TypeA
1055,2025-04-06T06:50:51.000Z,20.74,42.9,BuildingB_Floor1,TypeA
1036,2025-04-06T13:41:20.000Z,34.35,57.65,BuildingA_Floor1,TypeA
1015,2025-04-09T22:48:52.000Z,31.57,41.77,BuildingA_Floor2,TypeC
1098,2025-04-07T14:37:17.000Z,34.22,78.69,BuildingA_Floor1,TypeB
1048,2025-04-09T11:24:38.000Z,31.5,33.21,BuildingA_Floor1,TypeA
1087,2025-04-05T21:09:58.000Z,26.69,45.61,BuildingB_Floor1,TypeC
1011,2025-04-05T23:39:40.000Z,25.38,70.83,BuildingA_Floor2,TypeB
1021,2025-04-07T22:50:42.000Z,24.95,73.5,BuildingB_Floor1,TypeC
1002,2025-04-10T09:09:42.000Z,23.1,56.38,BuildingA_Floor1,TypeB
1081,2025-04-05T19:34:59.000Z,26.54,59.14,BuildingB_Floor2,TypeA
1012,2025-04-06T05:00:25.000Z,33.2,70.48,BuildingA_Floor1,TypeC
1023,2025-04-10T03:07:33.000Z,19.69,35.67,BuildingB_Floor2,TypeB
1045,2025-04-07T18:46:46.000Z,29.02,69.06,BuildingA_Floor1,TypeA
1084,2025-04-09T23:58:05.000Z,24.2,32.81,BuildingB_Floor2,TypeC
1099,2025-04-06T11:52:58.000Z,23.92,70.46,BuildingB_Floor2,TypeA
1085,2025-04-09T17:54:33.000Z,20.56,75.02,BuildingA_Floor2,TypeB
1030,2025-04-09T04:34:46.000Z,34.14,69.05,BuildingB_Floor1,TypeC
1080,2025-04-08T13:59:00.000Z,25.7,48.93,BuildingA_Floor2,TypeA
1055,2025-04-08T05:58:49.000Z,31.68,45.53,BuildingA_Floor1,TypeB
1090,2025-04-07T05:39:29.000Z,15.89,42.1,BuildingB_Floor2,TypeC
1019,2025-04-09T21:50:04.000Z,22.45,76.22,BuildingA_Floor2,TypeB
1024,2025-04-06T00:57:43.000Z,17.9,58.61,BuildingB_Floor2,TypeB
1004,2025-04-09T12:55:27.000Z,16.24,78.06,BuildingA_Floor2,TypeC
1097,2025-04-10T14:56:19.000Z,34.8,74.02,BuildingA_Floor2,TypeB
1075,2025-04-08T15:30:56.000Z,33.91,61.07,BuildingB_Floor2,TypeB
1080,2025-04-08T18:49:36.000Z,20.35,66.85,BuildingA_Floor1,TypeB
1078,2025-04-06T10:04:43.000Z,33.85,53.31,BuildingA_Floor1,TypeC
1049,2025-04-09T18:55:02.000Z,32.38,50.85,BuildingA_Floor2,TypeB
1034,2025-04-06T07:57:11.000Z,21.63,50.44,BuildingB_Floor2,TypeC
1100,2025-04-06T23:15:50.000Z,34.8,51.08,BuildingA_Floor1,TypeC
1048,2025-04-09T09:53:09.000Z,23.99,76.1,BuildingA_Floor2,TypeB
1010,2025-04-08T02:03:09.000Z,30.01,44.33,BuildingA_Floor1,TypeB
1019,2025-04-09T03:26:12.000Z,33.88,40.4,BuildingB_Floor1,TypeB
1041,2025-04-07T06:53:19.000Z,23.83,40.23,BuildingB_Floor2,TypeA
1008,2025-04-09T22:40:56.000Z,25.8,42.52,BuildingA_Floor2,TypeB
1062,2025-04-08T15:34:12.000Z,26.49,51.07,BuildingA_Floor1,TypeC
1059,2025-04-09T07:33:52.000Z,30.04,56.45,BuildingA_Floor2,TypeB
1038,2025-04-06T13:39:19.000Z,27.1,34.85,BuildingA_Floor1,TypeB
1042,2025-04-06T04:08:25.000Z,32.47,50.68,BuildingA_Floor1,TypeB
1048,2025-04-06T14:56:15.000Z,29.02,62.3,BuildingA_Floor2,TypeB
1097,2025-04-08T06:53:03.000Z,33.26,70.49,BuildingA_Floor1,TypeB
1007,2025-04-07T20:19:55.000Z,23.44,56.87,BuildingA_Floor1,TypeA
1096,2025-04-06T08:11:39.000Z,29.71,38.3,BuildingA_Floor1,TypeB
1024,2025-04-06T19:45:23.000Z,29.27,36.19,BuildingA_Floor1,TypeB
1003,2025-04-09T19:58:50.000Z,29.94,79.65,BuildingB_Floor1,TypeA
1094,2025-04-07T10:34:29.000Z,32.38,34.51,BuildingA_Floor2,TypeB
1028,2025-04-08T20:20:34.000Z,20.15,37.97,BuildingB_Floor1,TypeB
1010,2025-04-06T00:00:47.000Z,32.58,48.58,BuildingB_Floor1,TypeB
1074,2025-04-06T17:52:22.000Z,15.72,41.96,BuildingB_Floor2,TypeA
1047,2025-04-07T01:43:54.000Z,19.37,78.56,BuildingA_Floor1,TypeB
1024,2025-04-07T00:23:20.000Z,21.82,43.12,BuildingB_Floor1,TypeC
1075,2025-04-07T03:19:48.000Z,27.94,48.65,BuildingA_Floor2,TypeB
1090,2025-04-09T08:02:37.000Z,22.53,66.97,BuildingA_Floor1,TypeA
1000,2025-04-09T14:28:27.000Z,23.75,45.92,BuildingA_Floor2,TypeC
1094,2025-04-07T07:51:13.000Z,25.88,48.17,BuildingA_Floor2,TypeB
1022,2025-04-06T13:15:52.000Z,15.2,39.73,BuildingA_Floor1,TypeB
1010,2025-04-09T05:10:01.000Z,21.55,75.78,BuildingB_Floor2,TypeA
1098,2025-04-09T10:13:26.000Z,23.45,60.32,BuildingA_Floor2,TypeC
1014,2025-04-09T19:51:31.000Z,15.93,73.75,BuildingA_Floor1,TypeC
1009,2025-04-08T15:35:11.000Z,19.93,71.18,BuildingA_Floor2,TypeA
1010,2025-04-08T07:47:19.000Z,19.16,50.5,BuildingA_Floor2,TypeC
1037,2025-04-07T05:28:23.000Z,17.29,55.34,BuildingB_Floor2,TypeA
1032,2025-04-08T14:33:39.000Z,26.74,40.34,BuildingA_Floor1,TypeA
1038,2025-04-05T23:21:18.000Z,18.35,52.5,BuildingB_Floor1,TypeB
1047,2025-04-07T18:05:10.000Z,20.46,72.05,BuildingB_Floor1,TypeB
1018,2025-04-09T16:25:25.000Z,16.67,69.36,BuildingA_Floor1,TypeC
1090,2025-04-09T05:14:36.000Z,17.12,60.5,BuildingA_Floor2,TypeA
1026,2025-04-06T01:39:47.000Z,28.18,58.1,BuildingA_Floor2,TypeC
1000,2025-04-05T18:41:13.000Z,20.63,41.04,BuildingB_Floor2,TypeA
1021,2025-04-06T01:22:14.000Z,18.55,42.14,BuildingA_Floor2,TypeC
1085,2025-04-09T12:38:51.000Z,17.96,33.48,BuildingB_Floor2,TypeC
1027,2025-04-06T23:14:38.000Z,30.54,67.51,BuildingB_Floor1,TypeA
1037,2025-04-09T19:11:41.000Z,20.45,35.7,BuildingB_Floor1,TypeA
1043,2025-04-07T02:46:31.000Z,29.05,78.71,BuildingB_Floor2,TypeA
1086,2025-04-07T07:47:20.000Z,32.29,58.0,BuildingB_Floor1,TypeC
1041,2025-04-07T09:22:36.000Z,27.95,44.9,BuildingA_Floor1,TypeC
1069,2025-04-06T13:13:05.000Z,21.13,78.06,BuildingB_Floor1,TypeC
1082,2025-04-09T05:50:04.000Z,28.9,52.57,BuildingA_Floor1,TypeB
1072,2025-04-09T06:16:14.000Z,31.16,37.92,BuildingA_Floor1,TypeB
1063,2025-04-08T18:01:54.000Z,19.33,56.66,BuildingB_Floor1,TypeC
1025,2025-04-06T16:19:37.000Z,32.58,44.0,BuildingB_Floor1,TypeB
1063,2025-04-09T05:05:41.000Z,23.4,68.49,BuildingA_Floor2,TypeC
1076,2025-04-08T17:02:57.000Z,26.54,69.29,BuildingA_Floor2,TypeA
1086,2025-04-05T21:02:58.000Z,25.46,49.58,BuildingB_Floor2,TypeC
1025,2025-04-06T13:22:14.000Z,34.35,57.95,BuildingA_Floor2,TypeA
1012,2025-04-06T06:17:23.000Z,34.82,49.13,BuildingB_Floor2,TypeA
1015,2025-04-10T12:34:02.000Z,24.71,69.45,BuildingA_Floor1,TypeA
1043,2025-04-06T04:23:55.000Z,24.81,74.94,BuildingB_Floor2,TypeA
1099,2025-04-07T06:07:22.000Z,22.16,42.55,BuildingA_Floor2,TypeC
1031,2025-04-06T06:16:50.000Z,32.53,50.07,BuildingB_Floor2,TypeB
1000,2025-04-10T14:54:51.000Z,28.47,76.01,BuildingA_Floor1,TypeA
1025,2025-04-08T13:39:54.000Z,24.94,30.19,BuildingA_Floor1,TypeB
1096,2025-04-06T13:53:37.000Z,34.73,31.88,BuildingB_Floor1,TypeB
1032,2025-04-10T01:11:13.000Z,32.72,54.98,BuildingB_Floor1,TypeB
1045,2025-04-09T09:51:46.000Z,19.14,47.79,BuildingA_Floor1,TypeC
1005,2025-04-08T22:33:15.000Z,28.01,44.1,BuildingA_Floor1,TypeA
1086,2025-04-09T11:50:14.000Z,30.53,54.71,BuildingB_Floor2,TypeB
1079,2025-04-07T14:13:50.000Z,31.36,63.08,BuildingB_Floor2,TypeA
1087,2025-04-09T06:58:13.000Z,15.75,49.0,BuildingA_Floor2,TypeC
1067,2025-04-08T09:23:52.000Z,34.68,45.43,BuildingB_Floor2,TypeA
1031,2025-04-05T18:29:30.000Z,33.41,65.07,BuildingB_Floor1,TypeA
1027,2025-04-07T03:30:22.000Z,26.52,70.29,BuildingB_Floor2,TypeC
1013,2025-04-09T21:46:08.000Z,20.7,36.55,BuildingB_Floor2,TypeB
1018,2025-04-06T05:31:28.000Z,28.09,68.86,BuildingB_Floor2,TypeB
1013,2025-04-08T16:43:57.000Z,34.42,49.6,BuildingB_Floor1,TypeB
1026,2025-04-08T10:38:33.000Z,19.6,74.11,BuildingA_Floor2,TypeB
1027,2025-04-07T21:42:01.000Z,30.79,45.3,BuildingA_Floor2,TypeA
1068,2025-04-08T17:03:02.000Z,32.09,52.5,BuildingA_Floor2,TypeA
1061,2025-04-09T16:18:22.000Z,31.97,64.54,BuildingA_Floor1,TypeA
1088,2025-04-09T03:05:40.000Z,30.75,56.24,BuildingA_Floor1,TypeA
1055,2025-04-07T13:05:33.000Z,31.03,57.79,BuildingB_Floor1,TypeC
1059,2025-04-09T02:24:49.000Z,18.33,44.02,BuildingB_Floor2,TypeA
1098,2025-04-09T14:07:13.000Z,19.13,47.9,BuildingB_Floor1,TypeA
1018,2025-04-07T06:05:03.000Z,31.43,75.81,BuildingA_Floor1,TypeB
1027,2025-04-08T11:11:17.000Z,26.46,47.12,BuildingA_Floor2,TypeC
1057,2025-04-08T08:51:49.000Z,27.88,33.1,BuildingB_Floor1,TypeC
1099,2025-04-06T00:15:44.000Z,18.51,69.02,BuildingA_Floor2,TypeC
1041,2025-04-06T23:36:26.000Z,24.67,70.5,BuildingB_Floor1,TypeC
1099,2025-04-10T13:24:58.000Z,34.09,60.71,BuildingA_Floor1,TypeB
1022,2025-04-09T00:05:26.000Z,24.24,32.45,BuildingA_Floor2,TypeB
1096,2025-04-07T10:23:26.000Z,22.5,70.96,BuildingB_Floor2,TypeA
1029,2025-04-10T11:32:24.000Z,33.13,60.08,BuildingB_Floor1,TypeC
1055,2025-04-07T17:19:17.000Z,29.54,72.3,BuildingA_Floor2,TypeC
1003,2025-04-06T01:21:21.000Z,31.39,77.6,BuildingB_Floor2,TypeA
1031,2025-04-10T01:33:58.000Z,26.52,46.99,BuildingB_Floor1,TypeB
1036,2025-04-10T01:48:53.000Z,24.21,72.44,BuildingA_Floor1,TypeB
1034,2025-04-05T20:04:33.000Z,20.18,68.53,BuildingB_Floor2,TypeA
1004,2025-04-05T18:36:14.000Z,27.22,74.03,BuildingA_Floor2,TypeC
1019,2025-04-08T03:18:14.000Z,17.31,44.25,BuildingA_Floor2,TypeA
1059,2025-04-09T19:14:04.000Z,17.1,31.14,BuildingB_Floor1,TypeC
1045,2025-04-06T20:08:22.000Z,21.82,47.08,BuildingB_Floor1,TypeB
1054,2025-04-09T15:45:31.000Z,24.68,30.73,BuildingB_Floor2,TypeB
1098,2025-04-07T14:30:46.000Z,16.18,62.6,BuildingA_Floor1,TypeB
1014,2025-04-09T02:22:24.000Z,31.14,39.74,BuildingB_Floor2,TypeA
1094,2025-04-08T07:40:37.000Z,28.62,62.62,BuildingB_Floor1,TypeB
1053,2025-04-06T20:00:00.000Z,33.62,42.62,BuildingA_Floor1,TypeA
1068,2025-04-07T00:50:56.000Z,19.67,63.55,BuildingB_Floor2,TypeC
1072,2025-04-06T12:36:28.000Z,16.2,60.96,BuildingA_Floor1,TypeB
1019,2025-04-07T23:51:43.000Z,27.53,61.91,BuildingB_Floor2,TypeB
1009,2025-04-06T21:19:26.000Z,19.62,65.93,BuildingB_Floor1,TypeA
1023,2025-04-10T03:32:10.000Z,23.52,69.78,BuildingA_Floor1,TypeB
1099,2025-04-09T02:53:30.000Z,29.61,70.43,BuildingA_Floor2,TypeC
1061,2025-04-06T07:25:36.000Z,23.82,35.64,BuildingB_Floor1,TypeC
1073,2025-04-07T09:29:03.000Z,16.1,56.72,BuildingA_Floor2,TypeC
1086,2025-04-08T16:56:00.000Z,15.61,40.29,BuildingB_Floor2,TypeC
1081,2025-04-08T19:38:56.000Z,26.88,66.57,BuildingB_Floor2,TypeC
1021,2025-04-09T21:54:53.000Z,22.74,51.02,BuildingA_Floor2,TypeB
1061,2025-04-08T18:45:23.000Z,17.96,44.86,BuildingB_Floor1,TypeA
1010,2025-04-10T08:04:56.000Z,16.1,48.12,BuildingB_Floor2,TypeC
1092,2025-04-08T14:36:59.000Z,25.16,58.6,BuildingA_Floor2,TypeA
1064,2025-04-08T10:58:43.000Z,27.92,64.18,BuildingB_Floor1,TypeB
1017,2025-04-10T10:52:28.000Z,17.75,55.4,BuildingA_Floor1,TypeA
1041,2025-04-08T21:58:01.000Z,18.93,50.54,BuildingA_Floor1,TypeA
1040,2025-04-09T16:19:26.000Z,17.76,61.38,BuildingA_Floor2,TypeC
1051,2025-04-08T00:05:24.000Z,23.27,32.98,BuildingB_Floor2,TypeC
1086,2025-04-08T21:25:48.000Z,33.42,57.46,BuildingA_Floor1,TypeB
1005,2025-04-06T22:31:57.000Z,22.77,61.99,BuildingB_Floor1,TypeB
1074,2025-04-08T09:52:38.000Z,23.8,78.54,BuildingB_Floor2,TypeB
1061,2025-04-06T07:40:44.000Z,18.42,70.0,BuildingB_Floor2,TypeC
1092,2025-04-07T08:57:59.000Z,16.52,57.02,BuildingB_Floor2,TypeB
1067,2025-04-10T10:20:03.000Z,26.22,55.27,BuildingB_Floor2,TypeB
1018,2025-04-06T22:51:43.000Z,30.53,79.66,BuildingB_Floor2,TypeB
1017,2025-04-08T17:03:22.000Z,17.44,48.89,BuildingB_Floor1,TypeB
1020,2025-04-06T23:49:53.000Z,26.55,40.95,BuildingA_Floor1,TypeC
1035,2025-04-09T14:08:37.000Z,29.58,60.87,BuildingA_Floor1,TypeB
1080,2025-04-06T17:50:56.000Z,20.78,71.9,BuildingB_Floor1,TypeC
1044,2025-04-09T07:28:01.000Z,18.38,33.51,BuildingB_Floor1,TypeA
1013,2025-04-06T17:28:17.000Z,33.72,64.6,BuildingA_Floor2,TypeA
1091,2025-04-07T15:32:42.000Z,15.93,53.47,BuildingA_Floor2,TypeA
1087,2025-04-10T16:09:02.000Z,24.28,74.4,BuildingB_Floor2,TypeA
1019,2025-04-07T05:11:05.000Z,29.05,54.19,BuildingB_Floor2,TypeC
1043,2025-04-08T14:04:34.000Z,32.53,78.99,BuildingA_Floor1,TypeC
1017,2025-04-08T06:46:55.000Z,22.0,55.1,BuildingB_Floor2,TypeA
1085,2025-04-09T10:15:00.000Z,26.62,44.38,BuildingB_Floor2,TypeB
1099,2025-04-07T13:26:20.000Z,32.31,79.83,BuildingA_Floor2,TypeA
1058,2025-04-09T23:25:20.000Z,30.68,34.43,BuildingB_Floor2,TypeA
1039,2025-04-06T04:50:06.000Z,32.23,70.42,BuildingB_Floor1,TypeA
1023,2025-04-10T05:25:58.000Z,31.42,46.48,BuildingA_Floor1,TypeA
1042,2025-04-08T08:06:04.000Z,15.96,34.31,BuildingA_Floor1,TypeC
1005,2025-04-07T20:57:07.000Z,29.17,45.53,BuildingA_Floor2,TypeC
1009,2025-04-08T08:05:03.000Z,21.67,77.13,BuildingA_Floor1,TypeC
1047,2025-04-05T23:01:02.000Z,18.45,49.65,BuildingA_Floor1,TypeB
1011,2025-04-09T17:07:15.000Z,26.97,31.1,BuildingA_Floor1,TypeA
1005,2025-04-10T08:52:11.000Z,32.36,79.61,BuildingB_Floor2,TypeA
1086,2025-04-10T13:18:55.000Z,34.93,43.3,BuildingA_Floor2,TypeB
1086,2025-04-09T20:55:48.000Z,17.21,31.25,BuildingA_Floor2,TypeB
1031,2025-04-10T17:21:09.000Z,15.21,54.76,BuildingA_Floor2,TypeA
1069,2025-04-07T03:20:04.000Z,27.09,45.53,BuildingB_Floor1,TypeC
1077,2025-04-07T13:35:01.000Z,21.78,65.4,BuildingB_Floor2,TypeB
1039,2025-04-06T13:19:10.000Z,28.65,66.74,BuildingB_Floor2,TypeC
1038,2025-04-07T19:18:34.000Z,34.0,69.44,BuildingA_Floor2,TypeB
1087,2025-04-08T07:46:37.000Z,15.94,36.94,BuildingA_Floor2,TypeC
1014,2025-04-06T06:56:58.000Z,19.22,74.04,BuildingB_Floor1,TypeC
1086,2025-04-07T10:31:36.000Z,18.17,50.79,BuildingA_Floor2,TypeB
1089,2025-04-08T16:56:00.000Z,27.63,76.03,BuildingB_Floor1,TypeB
1015,2025-04-08T10:37:01.000Z,24.6,50.65,BuildingA_Floor2,TypeA
1095,2025-04-06T20:22:23.000Z,21.66,70.86,BuildingB_Floor1,TypeA
1003,2025-04-10T15:15:33.000Z,33.72,71.21,BuildingB_Floor1,TypeA
1076,2025-04-09T22:41:33.000Z,32.4,45.66,BuildingB_Floor1,TypeB
1050,2025-04-09T13:30:52.000Z,30.33,38.22,BuildingA_Floor2,TypeC
1021,2025-04-09T16:47:47.000Z,30.36,50.75,BuildingB_Floor2,TypeC
1082,2025-04-07T22:55:18.000Z,29.9,39.02,BuildingA_Floor2,TypeB
1067,2025-04-07T18:21:34.000Z,31.44,44.64,BuildingB_Floor1,TypeC
1024,2025-04-09T14:57:15.000Z,33.92,38.34,BuildingB_Floor1,TypeC
1020,2025-04-09T06:36:39.000Z,32.61,57.12,BuildingA_Floor2,TypeB
1049,2025-04-09T16:43:28.000Z,21.16,59.6,BuildingB_Floor1,TypeB
1044,2025-04-06T20:26:40.000Z,20.54,45.7,BuildingB_Floor1,TypeC
1054,2025-04-09T09:08:04.000Z,20.04,49.3,BuildingA_Floor1,TypeA
1057,2025-04-06T15:02:11.000Z,34.79,71.7,BuildingA_Floor1,TypeC
1069,2025-04-09T09:28:09.000Z,23.21,68.62,BuildingA_Floor1,TypeC
1073,2025-04-06T09:50:41.000Z,33.6,48.01,BuildingB_Floor1,TypeC
1070,2025-04-09T13:06:56.000Z,16.17,33.35,BuildingA_Floor1,TypeA
1053,2025-04-07T19:53:40.000Z,31.94,34.78,BuildingB_Floor2,TypeC
1064,2025-04-06T23:29:35.000Z,22.3,62.78,BuildingB_Floor1,TypeB
1071,2025-04-10T10:25:11.000Z,31.58,31.6,BuildingA_Floor2,TypeC
1040,2025-04-08T12:29:33.000Z,24.9,33.06,BuildingA_Floor2,TypeB
1042,2025-04-07T11:22:53.000Z,32.12,78.41,BuildingA_Floor2,TypeA
1081,2025-04-09T21:02:34.000Z,27.78,70.42,BuildingA_Floor2,TypeA
1080,2025-04-07T02:51:18.000Z,16.74,31.45,BuildingB_Floor2,TypeC
1028,2025-04-06T04:39:18.000Z,32.92,39.72,BuildingB_Floor1,TypeA
1052,2025-04-06T06:48:32.000Z,19.8,41.6,BuildingA_Floor2,TypeC
1064,2025-04-08T22:24:04.000Z,29.5,57.51,BuildingB_Floor1,TypeC
1079,2025-04-08T19:02:53.000Z,20.9,32.25,BuildingA_Floor2,TypeA
1088,2025-04-08T01:07:51.000Z,33.97,68.29,BuildingA_Floor2,TypeC
1079,2025-04-10T02:44:30.000Z,27.49,56.92,BuildingA_Floor1,TypeA
1055,2025-04-05T20:41:19.000Z,28.63,44.23,BuildingB_Floor1,TypeC
1082,2025-04-08T10:32:12.000Z,29.44,36.4,BuildingB_Floor2,TypeB
1073,2025-04-08T12:20:05.000Z,26.86,72.57,BuildingA_Floor2,TypeB
1072,2025-04-08T17:31:29.000Z,26.85,34.11,BuildingA_Floor2,TypeA
1017,2025-04-09T21:36:27.000Z,31.65,31.71,BuildingB_Floor2,TypeA
1011,2025-04-08T07:00:37.000Z,21.79,65.49,BuildingA_Floor1,TypeB
1085,2025-04-10T17:49:56.000Z,18.79,48.12,BuildingB_Floor1,TypeB
1099,2025-04-09T17:54:09.000Z,17.92,66.51,BuildingB_Floor1,TypeC
1093,2025-04-09T16:27:09.000Z,23.78,43.45,BuildingB_Floor2,TypeB
1056,2025-04-08T16:44:05.000Z,31.59,74.29,BuildingA_Floor1,TypeA
1053,2025-04-09T19:08:22.000Z,19.03,65.78,BuildingA_Floor1,TypeA
1093,2025-04-07T10:11:16.000Z,23.92,67.78,BuildingB_Floor1,TypeA
1008,2025-04-09T15:08:45.000Z,22.68,64.22,BuildingA_Floor1,TypeA
1036,2025-04-08T03:09:28.000Z,19.56,34.3,BuildingB_Floor2,TypeC
1062,2025-04-09T19:26:18.000Z,16.72,64.25,BuildingA_Floor2,TypeA
1091,2025-04-09T08:15:02.000Z,17.99,33.08,BuildingB_Floor2,TypeA
1059,2025-04-07T11:45:58.000Z,25.89,74.52,BuildingB_Floor1,TypeA
1004,2025-04-07T03:03:34.000Z,27.27,41.93,BuildingB_Floor1,TypeB
1030,2025-04-10T15:09:37.000Z,29.28,57.18,BuildingB_Floor1,TypeB
1027,2025-04-06T16:27:12.000Z,34.6,54.04,BuildingB_Floor2,TypeC
1006,2025-04-09T16:21:14.000Z,23.53,77.65,BuildingA_Floor2,TypeC
1087,2025-04-06T14:50:56.000Z,28.66,30.7,BuildingB_Floor2,TypeB
1086,2025-04-08T14:22:39.000Z,18.01,31.36,BuildingA_Floor1,TypeB
1064,2025-04-09T09:27:21.000Z,32.5,30.21,BuildingB_Floor1,TypeA
1084,2025-04-08T10:53:10.000Z,25.17,67.88,BuildingB_Floor2,TypeB
1087,2025-04-06T05:47:18.000Z,34.17,33.03,BuildingA_Floor2,TypeA
1087,2025-04-09T01:17:40.000Z,30.53,65.92,BuildingA_Floor1,TypeB
1033,2025-04-10T06:02:24.000Z,15.18,36.12,BuildingB_Floor1,TypeC
1007,2025-04-10T00:59:58.000Z,28.46,37.37,BuildingA_Floor2,TypeB
1035,2025-04-10T14:28:07.000Z,27.46,43.05,BuildingB_Floor2,TypeC
1017,2025-04-10T04:16:56.000Z,31.75,64.47,BuildingB_Floor2,TypeA
1034,2025-04-08T09:42:59.000Z,32.75,58.53,BuildingA_Floor2,TypeB
1013,2025-04-09T06:47:57.000Z,34.2,71.95,BuildingB_Floor2,TypeA
1025,2025-04-09T04:25:17.000Z,20.34,35.67,BuildingA_Floor2,TypeB
1054,2025-04-10T05:43:38.000Z,22.52,68.0,BuildingA_Floor1,TypeC
1011,2025-04-09T19:52:17.000Z,29.73,31.87,BuildingA_Floor2,TypeA
1040,2025-04-05T18:41:15.000Z,23.44,46.15,BuildingA_Floor2,TypeC
1055,2025-04-05T21:34:06.000Z,22.95,73.26,BuildingA_Floor2,TypeC
1097,2025-04-09T00:22:17.000Z,24.09,72.17,BuildingB_Floor2,TypeC
1074,2025-04-07T06:44:19.000Z,27.87,55.07,BuildingB_Floor2,TypeA
1012,2025-04-10T05:17:06.000Z,18.05,67.09,BuildingA_Floor1,TypeB
1100,2025-04-09T08:41:52.000Z,34.54,58.47,BuildingA_Floor1,TypeB
1045,2025-04-08T17:06:23.000Z,27.57,74.9,BuildingB_Floor1,TypeA
1046,2025-04-09T13:13:01.000Z,17.44,51.62,BuildingB_Floor1,TypeA
1095,2025-04-08T02:24:35.000Z,34.97,33.98,BuildingA_Floor1,TypeA
1079,2025-04-10T11:47:01.000Z,20.04,33.4,BuildingB_Floor1,TypeA
1062,2025-04-08T22:05:33.000Z,22.28,65.06,BuildingA_Floor1,TypeA
1008,2025-04-05T20:02:14.000Z,24.36,32.31,BuildingB_Floor1,TypeC
1082,2025-04-06T13:48:40.000Z,23.61,57.72,BuildingB_Floor1,TypeA
1084,2025-04-10T10:57:04.000Z,22.82,35.82,BuildingB_Floor1,TypeA
1026,2025-04-06T03:40:28.000Z,23.58,75.87,BuildingA_Floor2,TypeC
1077,2025-04-09T08:17:51.000Z,23.32,42.0,BuildingB_Floor2,TypeA
1007,2025-04-08T04:18:48.000Z,23.51,45.48,BuildingA_Floor1,TypeA
1078,2025-04-07T07:33:51.000Z,31.28,42.48,BuildingB_Floor2,TypeB
1014,2025-04-06T17:01:44.000Z,21.95,70.28,BuildingA_Floor1,TypeB
1051,2025-04-07T08:13:29.000Z,24.11,41.89,BuildingA_Floor1,TypeB
1073,2025-04-09T23:16:09.000Z,33.86,50.25,BuildingB_Floor2,TypeC
1020,2025-04-07T02:20:59.000Z,33.77,74.67,BuildingB_Floor2,TypeB
1089,2025-04-09T07:42:29.000Z,17.12,30.96,BuildingB_Floor2,TypeC
1044,2025-04-08T13:51:43.000Z,24.36,64.66,BuildingA_Floor2,TypeA
1066,2025-04-09T18:03:37.000Z,26.81,36.68,BuildingB_Floor1,TypeC
1047,2025-04-10T09:23:04.000Z,17.02,75.16,BuildingA_Floor2,TypeC
1026,2025-04-08T06:08:51.000Z,17.72,56.71,BuildingA_Floor2,TypeB
1017,2025-04-10T04:10:50.000Z,33.21,54.4,BuildingA_Floor2,TypeB
1097,2025-04-06T11:31:47.000Z,17.27,38.06,BuildingB_Floor1,TypeB
1093,2025-04-07T10:01:16.000Z,28.8,64.13,BuildingB_Floor2,TypeA
1000,2025-04-07T21:21:02.000Z,30.01,57.73,BuildingB_Floor2,TypeB
1062,2025-04-07T16:12:34.000Z,34.18,48.51,BuildingB_Floor2,TypeC
1044,2025-04-05T22:19:48.000Z,17.04,74.72,BuildingB_Floor1,TypeC
1024,2025-04-05T18:30:34.000Z,29.61,60.05,BuildingB_Floor1,TypeC
1080,2025-04-09T22:27:59.000Z,23.27,39.01,BuildingB_Floor1,TypeA
1059,2025-04-08T02:14:30.000Z,27.3,46.92,BuildingA_Floor1,TypeB
1033,2025-04-06T20:57:58.000Z,30.36,33.65,BuildingB_Floor1,TypeA
1014,2025-04-09T15:26:03.000Z,28.15,55.1,BuildingB_Floor1,TypeA
1067,2025-04-08T08:39:24.000Z,20.45,32.73,BuildingA_Floor1,TypeA
1032,2025-04-10T11:43:41.000Z,23.36,44.75,BuildingA_Floor2,TypeA
1070,2025-04-07T13:16:57.000Z,23.51,41.93,BuildingB_Floor2,TypeC
1010,2025-04-09T07:09:10.000Z,34.96,50.8,BuildingA_Floor2,TypeA
1093,2025-04-10T00:00:15.000Z,28.46,33.34,BuildingA_Floor2,TypeC
1008,2025-04-08T09:47:52.000Z,20.61,34.83,BuildingA_Floor1,TypeB
1049,2025-04-10T10:18:10.000Z,34.27,69.92,BuildingA_Floor1,TypeB
1098,2025-04-10T17:09:54.000Z,29.1,58.44,BuildingA_Floor1,TypeA
1005,2025-04-09T07:36:37.000Z,29.23,48.19,BuildingB_Floor2,TypeC
1020,2025-04-10T17:34:28.000Z,16.35,68.64,BuildingA_Floor1,TypeB
1035,2025-04-07T19:36:13.000Z,32.97,37.58,BuildingB_Floor2,TypeA
1020,2025-04-08T11:29:21.000Z,17.87,67.99,BuildingA_Floor2,TypeC
1005,2025-04-10T06:32:59.000Z,29.33,68.34,BuildingB_Floor1,TypeB
1050,2025-04-10T10:26:48.000Z,25.01,79.69,BuildingB_Floor2,TypeB
1099,2025-04-06T06:28:40.000Z,30.23,65.72,BuildingB_Floor2,TypeA
1030,2025-04-08T16:12:25.000Z,31.38,59.64,BuildingA_Floor1,TypeA
1046,2025-04-06T07:46:15.000Z,20.34,59.57,BuildingB_Floor2,TypeC
1069,2025-04-08T21:36:44.000Z,30.24,33.3,BuildingA_Floor2,TypeC
1039,2025-04-05T19:04:40.000Z,32.32,72.5,BuildingB_Floor2,TypeC
1071,2025-04-06T08:50:25.000Z,26.95,70.9,BuildingB_Floor1,TypeB
1093,2025-04-09T00:12:33.000Z,20.42,33.87,BuildingA_Floor2,TypeC
1082,2025-04-06T05:35:01.000Z,27.59,65.98,BuildingB_Floor1,TypeC
1019,2025-04-07T21:34:28.000Z,15.49,62.46,BuildingA_Floor2,TypeB
1014,2025-04-08T20:23:24.000Z,29.56,68.9,BuildingA_Floor1,TypeA
1046,2025-04-08T08:02:17.000Z,19.14,68.11,BuildingA_Floor1,TypeB
1078,2025-04-08T05:19:19.000Z,28.1,31.8,BuildingA_Floor2,TypeA
1001,2025-04-06T11:09:17.000Z,30.35,38.64,BuildingB_Floor2,TypeA
1096,2025-04-08T21:43:35.000Z,23.68,78.4,BuildingA_Floor2,TypeA
1023,2025-04-06T00:42:43.000Z,22.26,75.37,BuildingB_Floor1,TypeB
1096,2025-04-07T13:15:09.000Z,34.84,54.95,BuildingA_Floor1,TypeA
1030,2025-04-08T19:58:09.000Z,25.41,35.56,BuildingA_Floor1,TypeB
1058,2025-04-07T11:21:59.000Z,28.3,67.16,BuildingB_Floor2,TypeC
1002,2025-04-06T01:00:32.000Z,30.6,70.75,BuildingB_Floor1,TypeC
1002,2025-04-08T11:37:17.000Z,34.1,57.13,BuildingA_Floor2,TypeA
1007,2025-04-08T07:43:34.000Z,19.03,41.69,BuildingB_Floor2,TypeA
1059,2025-04-07T18:48:04.000Z,22.09,67.96,BuildingA_Floor1,TypeC
1046,2025-04-06T01:31:36.000Z,20.31,31.65,BuildingA_Floor1,TypeC
1067,2025-04-10T02:27:17.000Z,34.31,36.09,BuildingA_Floor1,TypeA
1033,2025-04-10T14:15:21.000Z,19.99,44.19,BuildingB_Floor1,TypeA
1071,2025-04-09T13:20:27.000Z,17.64,73.24,BuildingA_Floor2,TypeA
1024,2025-04-10T14:07:46.000Z,31.33,63.43,BuildingB_Floor1,TypeC
1061,2025-04-10T10:26:26.000Z,17.74,59.18,BuildingB_Floor2,TypeA
1006,2025-04-09T19:23:22.000Z,28.03,79.43,BuildingA_Floor1,TypeB
1065,2025-04-09T03:01:31.000Z,15.12,56.43,BuildingA_Floor2,TypeA
1065,2025-04-09T01:42:08.000Z,26.77,59.09,BuildingB_Floor1,TypeA
1034,2025-04-06T15:33:27.000Z,15.39,31.21,BuildingA_Floor1,TypeC
1049,2025-04-08T08:35:23.000Z,34.03,63.01,BuildingB_Floor2,TypeB
1064,2025-04-07T08:19:16.000Z,25.42,63.33,BuildingB_Floor1,TypeC
1097,2025-04-05T19:50:12.000Z,15.99,61.88,BuildingA_Floor2,TypeB
1045,2025-04-09T07:04:19.000Z,19.63,40.45,BuildingA_Floor2,TypeB
1083,2025-04-06T02:52:54.000Z,25.21,43.5,BuildingB_Floor2,TypeC
1053,2025-04-10T16:48:01.000Z,33.77,61.55,BuildingB_Floor2,TypeA
1074,2025-04-06T05:42:51.000Z,33.69,59.36,BuildingB_Floor1,TypeB
1058,2025-04-08T02:45:37.000Z,28.44,78.64,BuildingA_Floor1,TypeA
1061,2025-04-06T09:13:33.000Z,31.75,64.58,BuildingB_Floor2,TypeB
1072,2025-04-06T09:21:15.000Z,28.98,39.81,BuildingA_Floor1,TypeA
1012,2025-04-07T04:27:25.000Z,28.6,32.49,BuildingB_Floor1,TypeC
1069,2025-04-09T18:52:38.000Z,30.76,42.81,BuildingB_Floor1,TypeB
1047,2025-04-08T00:02:52.000Z,25.27,71.15,BuildingB_Floor2,TypeB
1009,2025-04-07T11:37:03.000Z,17.79,38.77,BuildingB_Floor2,TypeA
1079,2025-04-08T11:22:52.000Z,33.43,55.79,BuildingB_Floor1,TypeB
1038,2025-04-09T18:45:57.000Z,16.87,66.12,BuildingB_Floor1,TypeC
1004,2025-04-09T16:37:57.000Z,30.54,73.7,BuildingB_Floor1,TypeB
1028,2025-04-07T11:36:45.000Z,26.59,39.33,BuildingA_Floor2,TypeA
1025,2025-04-06T03:07:56.000Z,34.67,45.32,BuildingB_Floor1,TypeB
1058,2025-04-06T09:24:58.000Z,30.18,37.73,BuildingA_Floor1,TypeC
1093,2025-04-07T17:10:04.000Z,24.43,52.75,BuildingA_Floor2,TypeC
1099,2025-04-09T18:08:08.000Z,25.19,61.88,BuildingB_Floor2,TypeC
1090,2025-04-09T08:10:26.000Z,21.49,64.24,BuildingA_Floor2,TypeA
1065,2025-04-08T03:47:36.000Z,23.82,45.27,BuildingA_Floor2,TypeA
1019,2025-04-08T22:50:29.000Z,19.88,66.47,BuildingA_Floor2,TypeB
1023,2025-04-08T12:33:18.000Z,22.4,32.17,BuildingB_Floor2,TypeC
1084,2025-04-08T12:18:57.000Z,15.5,49.58,BuildingA_Floor2,TypeA
1048,2025-04-06T17:14:03.000Z,32.56,46.59,BuildingA_Floor1,TypeA
1000,2025-04-06T05:40:17.000Z,15.43,60.99,BuildingA_Floor2,TypeA
1055,2025-04-07T08:30:46.000Z,27.57,48.87,BuildingB_Floor1,TypeB
1088,2025-04-06T00:56:07.000Z,16.58,62.32,BuildingB_Floor1,TypeB
1015,2025-04-06T13:15:48.000Z,18.56,51.84,BuildingB_Floor2,TypeB
1091,2025-04-08T16:21:15.000Z,23.14,70.18,BuildingA_Floor2,TypeC
1023,2025-04-05T19:51:51.000Z,31.59,41.94,BuildingB_Floor1,TypeC
1059,2025-04-07T17:21:29.000Z,30.66,52.18,BuildingB_Floor2,TypeC
1026,2025-04-06T09:40:28.000Z,29.2,59.72,BuildingB_Floor1,TypeB
1038,2025-04-09T01:56:58.000Z,24.02,48.88,BuildingA_Floor1,TypeA
1031,2025-04-09T16:43:23.000Z,32.92,37.01,BuildingA_Floor1,TypeC
1033,2025-04-09T08:18:47.000Z,23.4,46.38,BuildingA_Floor1,TypeC
1064,2025-04-06T15:41:44.000Z,26.92,60.08,BuildingB_Floor1,TypeB
1059,2025-04-10T16:29:55.000Z,20.45,69.25,BuildingB_Floor2,TypeB
1094,2025-04-06T04:56:03.000Z,17.36,68.87,BuildingA_Floor1,TypeC
1026,2025-04-08T09:03:04.000Z,26.87,69.36,BuildingB_Floor1,TypeB
1034,2025-04-06T20:58:08.000Z,31.81,60.19,BuildingB_Floor1,TypeB
1006,2025-04-07T16:00:18.000Z,22.99,67.73,BuildingA_Floor2,TypeC
1099,2025-04-06T05:55:02.000Z,29.79,79.78,BuildingA_Floor2,TypeC
1002,2025-04-08T19:02:46.000Z,20.67,77.04,BuildingB_Floor2,TypeA
1081,2025-04-10T01:11:15.000Z,32.05,46.66,BuildingA_Floor2,TypeA
1074,2025-04-07T15:03:02.000Z,29.64,60.75,BuildingA_Floor1,TypeC
1082,2025-04-05T22:02:42.000Z,23.02,63.66,BuildingB_Floor1,TypeC
1069,2025-04-09T21:56:49.000Z,16.03,52.64,BuildingB_Floor2,TypeA
1004,2025-04-06T09:32:17.000Z,34.73,36.02,BuildingB_Floor1,TypeC
1043,2025-04-07T21:09:53.000Z,24.53,67.46,BuildingB_Floor1,TypeA
1040,2025-04-06T03:08:18.000Z,25.9,49.49,BuildingA_Floor1,TypeC
1001,2025-04-06T17:41:35.000Z,25.27,48.45,BuildingA_Floor2,TypeB
1007,2025-04-09T19:29:34.000Z,28.77,63.56,BuildingB_Floor1,TypeA
1039,2025-04-10T13:56:29.000Z,30.16,63.37,BuildingB_Floor2,TypeA
1084,2025-04-06T20:25:03.000Z,20.28,79.25,BuildingA_Floor2,TypeA
1056,2025-04-08T15:43:05.000Z,33.85,44.5,BuildingB_Floor2,TypeC
1019,2025-04-07T09:40:50.000Z,19.84,57.52,BuildingA_Floor2,TypeB
1066,2025-04-05T23:59:11.000Z,16.75,61.25,BuildingA_Floor2,TypeB
1076,2025-04-05T20:21:09.000Z,28.83,68.0,BuildingA_Floor2,TypeC
1067,2025-04-08T08:51:26.000Z,29.26,45.61,BuildingB_Floor2,TypeC
1049,2025-04-06T01:00:31.000Z,23.54,41.63,BuildingB_Floor1,TypeC
1042,2025-04-10T13:13:22.000Z,26.79,49.58,BuildingB_Floor2,TypeA
1002,2025-04-09T20:21:18.000Z,30.25,52.58,BuildingB_Floor2,TypeC
1051,2025-04-09T16:00:18.000Z,22.98,61.96,BuildingA_Floor2,TypeB
1008,2025-04-09T18:47:11.000Z,24.18,31.67,BuildingB_Floor2,TypeB
1069,2025-04-10T16:31:17.000Z,23.44,60.04,BuildingA_Floor2,TypeA
1093,2025-04-10T06:48:47.000Z,33.25,36.13,BuildingA_Floor1,TypeC
1092,2025-04-07T23:12:23.000Z,30.75,64.06,BuildingB_Floor1,TypeA
1082,2025-04-08T17:48:05.000Z,27.77,30.73,BuildingB_Floor1,TypeB
1099,2025-04-08T18:18:01.000Z,30.05,73.19,BuildingA_Floor1,TypeC
1053,2025-04-07T04:13:10.000Z,33.25,63.9,BuildingB_Floor2,TypeC
1089,2025-04-08T15:29:19.000Z,20.82,67.02,BuildingA_Floor2,TypeB
1017,2025-04-06T09:51:28.000Z,30.05,79.7,BuildingB_Floor1,TypeB
1056,2025-04-08T14:14:22.000Z,19.51,67.49,BuildingB_Floor1,TypeA
1084,2025-04-08T13:04:59.000Z,33.71,63.21,BuildingB_Floor2,TypeC
1072,2025-04-09T21:40:33.000Z,21.6,46.78,BuildingB_Floor1,TypeA
1026,2025-04-07T00:52:59.000Z,30.27,46.98,BuildingA_Floor1,TypeB
1088,2025-04-09T21:16:59.000Z,16.46,74.86,BuildingA_Floor2,TypeA
1050,2025-04-09T14:59:43.000Z,32.38,67.62,BuildingA_Floor1,TypeA
1097,2025-04-08T05:00:57.000Z,26.74,45.57,BuildingB_Floor2,TypeA
1076,2025-04-08T04:39:23.000Z,26.62,75.16,BuildingA_Floor2,TypeA
1036,2025-04-10T12:36:56.000Z,16.46,44.05,BuildingB_Floor2,TypeB
1063,2025-04-08T05:00:56.000Z,16.55,51.92,BuildingA_Floor1,TypeA
1085,2025-04-10T18:10:45.000Z,25.58,40.98,BuildingA_Floor2,TypeB
1024,2025-04-08T05:13:28.000Z,17.76,42.72,BuildingA_Floor2,TypeA
1059,2025-04-10T16:30:46.000Z,31.92,60.19,BuildingB_Floor2,TypeA
1078,2025-04-06T02:44:26.000Z,27.14,78.26,BuildingB_Floor2,TypeC
1078,2025-04-05T23:00:04.000Z,26.62,76.82,BuildingB_Floor2,TypeA
1025,2025-04-10T14:53:34.000Z,20.4,48.78,BuildingB_Floor2,TypeB
1053,2025-04-09T09:50:52.000Z,28.29,48.99,BuildingB_Floor1,TypeC
1024,2025-04-06T06:37:48.000Z,30.0,36.84,BuildingA_Floor1,TypeC
1022,2025-04-10T00:51:25.000Z,24.93,68.45,BuildingB_Floor2,TypeC
1010,2025-04-07T13:11:43.000Z,32.14,57.8,BuildingB_Floor2,TypeC
1043,2025-04-08T16:42:29.000Z,24.38,32.89,BuildingA_Floor1,TypeA
1012,2025-04-07T23:07:28.000Z,22.88,79.36,BuildingA_Floor2,TypeB
1076,2025-04-09T19:15:26.000Z,30.53,55.49,BuildingB_Floor1,TypeB
1049,2025-04-07T09:55:30.000Z,26.46,55.36,BuildingA_Floor1,TypeB
1045,2025-04-10T03:43:19.000Z,27.26,39.88,BuildingB_Floor2,TypeB
1096,2025-04-08T20:26:12.000Z,24.85,47.1,BuildingA_Floor2,TypeC
1095,2025-04-10T11:43:58.000Z,18.31,38.38,BuildingB_Floor1,TypeA
1067,2025-04-08T02:20:08.000Z,32.93,71.06,BuildingB_Floor2,TypeB
1052,2025-04-08T11:04:21.000Z,33.22,35.77,BuildingB_Floor2,TypeC
1058,2025-04-06T22:11:59.000Z,29.11,32.55,BuildingA_Floor2,TypeB
1057,2025-04-07T07:17:13.000Z,33.17,41.11,BuildingB_Floor1,TypeB
1079,2025-04-07T23:42:08.000Z,22.88,67.88,BuildingB_Floor1,TypeC
1043,2025-04-10T01:51:38.000Z,24.49,66.56,BuildingA_Floor2,TypeC
1056,2025-04-06T04:25:21.000Z,20.02,44.38,BuildingA_Floor1,TypeC
1073,2025-04-05T21:00:34.000Z,31.61,54.43,BuildingA_Floor1,TypeC
1040,2025-04-09T05:20:12.000Z,17.1,42.28,BuildingA_Floor2,TypeB
1096,2025-04-07T21:41:38.000Z,17.56,48.13,BuildingA_Floor1,TypeA
1073,2025-04-08T01:48:20.000Z,29.07,31.9,BuildingB_Floor2,TypeC
1013,2025-04-08T16:05:12.000Z,32.01,65.14,BuildingA_Floor2,TypeA
1017,2025-04-09T13:36:06.000Z,20.01,53.91,BuildingB_Floor1,TypeB
1096,2025-04-07T16:03:42.000Z,34.56,71.4,BuildingB_Floor1,TypeB
1024,2025-04-09T14:00:27.000Z,20.94,34.73,BuildingA_Floor1,TypeC
1005,2025-04-06T09:05:32.000Z,33.71,67.0,BuildingA_Floor2,TypeC
1083,2025-04-09T10:59:37.000Z,19.89,52.9,BuildingB_Floor2,TypeC
1021,2025-04-06T22:10:12.000Z,18.16,78.13,BuildingB_Floor2,TypeA
1022,2025-04-09T12:56:48.000Z,23.43,40.73,BuildingB_Floor2,TypeB
1032,2025-04-06T19:45:23.000Z,24.48,53.63,BuildingA_Floor2,TypeC
1032,2025-04-08T14:06:10.000Z,34.87,75.91,BuildingA_Floor1,TypeC
1080,2025-04-09T00:05:13.000Z,31.99,38.7,BuildingA_Floor2,TypeA
1013,2025-04-10T12:19:31.000Z,28.85,79.39,BuildingB_Floor2,TypeC
1094,2025-04-10T03:49:39.000Z,20.63,32.95,BuildingA_Floor1,TypeA
1002,2025-04-09T14:14:14.000Z,20.24,33.48,BuildingB_Floor1,TypeC
1092,2025-04-06T21:29:49.000Z,27.01,76.58,BuildingA_Floor1,TypeA
1062,2025-04-05T22:28:54.000Z,33.16,46.3,BuildingB_Floor2,TypeC
1071,2025-04-10T06:19:13.000Z,32.6,38.45,BuildingA_Floor1,TypeA
1038,2025-04-10T09:39:33.000Z,17.11,51.42,BuildingB_Floor1,TypeC
1046,2025-04-06T19:29:05.000Z,22.0,48.31,BuildingA_Floor1,TypeA
1067,2025-04-10T01:28:43.000Z,28.13,75.16,BuildingB_Floor2,TypeA
1007,2025-04-08T19:11:03.000Z,21.64,77.8,BuildingB_Floor1,TypeA
1006,2025-04-05T23:06:11.000Z,17.23,31.02,BuildingA_Floor2,TypeB
1042,2025-04-09T19:50:56.000Z,15.38,56.64,BuildingB_Floor1,TypeB
1030,2025-04-09T01:47:00.000Z,22.13,46.15,BuildingB_Floor1,TypeA
1083,2025-04-09T12:23:41.000Z,32.12,74.77,BuildingA_Floor1,TypeB
1032,2025-04-09T06:48:37.000Z,23.86,51.28,BuildingB_Floor1,TypeA
1007,2025-04-07T02:56:05.000Z,23.66,55.71,BuildingA_Floor2,TypeC
1021,2025-04-10T09:00:37.000Z,31.1,56.92,BuildingB_Floor2,TypeA
1023,2025-04-09T14:07:43.000Z,28.08,45.44,BuildingA_Floor2,TypeA
1035,2025-04-09T16:47:40.000Z,24.52,41.38,BuildingA_Floor1,TypeC
1003,2025-04-05T23:48:59.000Z,20.06,57.09,BuildingB_Floor2,TypeB
1041,2025-04-08T15:21:22.000Z,23.46,62.16,BuildingA_Floor1,TypeA
1083,2025-04-08T08:48:54.000Z,23.08,65.43,BuildingB_Floor2,TypeC
1004,2025-04-07T14:37:05.000Z,26.03,78.19,BuildingA_Floor2,TypeB
1088,2025-04-06T08:44:17.000Z,30.92,44.88,BuildingB_Floor2,TypeA
1050,2025-04-06T09:00:16.000Z,34.11,32.8,BuildingB_Floor1,TypeC
1045,2025-04-09T00:29:27.000Z,32.92,59.01,BuildingA_Floor1,TypeC
1028,2025-04-10T15:40:06.000Z,16.78,79.66,BuildingA_Floor2,TypeA
1028,2025-04-07T14:13:10.000Z,25.54,44.79,BuildingA_Floor1,TypeA
1084,2025-04-10T07:54:05.000Z,18.8,58.58,BuildingB_Floor1,TypeB
1012,2025-04-10T11:53:50.000Z,24.43,55.79,BuildingB_Floor1,TypeB
1033,2025-04-05T20:50:59.000Z,19.45,34.33,BuildingA_Floor2,TypeC
1059,2025-04-06T17:12:16.000Z,26.73,67.09,BuildingB_Floor2,TypeC
1062,2025-04-07T03:56:22.000Z,21.77,35.64,BuildingB_Floor1,TypeB
1014,2025-04-10T15:17:11.000Z,23.88,41.46,BuildingB_Floor2,TypeA
1012,2025-04-06T17:18:20.000Z,16.89,51.42,BuildingA_Floor2,TypeB
1067,2025-04-08T21:58:17.000Z,23.86,58.47,BuildingB_Floor1,TypeC
1005,2025-04-09T00:23:48.000Z,21.29,71.64,BuildingB_Floor1,TypeC
1097,2025-04-09T12:24:16.000Z,21.34,69.5,BuildingB_Floor2,TypeB
1008,2025-04-06T07:26:45.000Z,24.49,49.37,BuildingA_Floor2,TypeB
1009,2025-04-06T15:36:27.000Z,17.34,51.97,BuildingA_Floor1,TypeA
1077,2025-04-07T16:08:25.000Z,18.98,59.89,BuildingB_Floor1,TypeB
1077,2025-04-06T15:25:18.000Z,22.17,65.89,BuildingB_Floor2,TypeA
1045,2025-04-07T17:17:28.000Z,33.34,77.44,BuildingA_Floor1,TypeA
1040,2025-04-09T09:33:15.000Z,28.26,46.28,BuildingA_Floor2,TypeA
1067,2025-04-07T02:12:20.000Z,34.47,30.91,BuildingA_Floor2,TypeB
1009,2025-04-09T14:22:09.000Z,17.67,62.32,BuildingB_Floor1,TypeB
1066,2025-04-06T17:10:46.000Z,15.68,68.63,BuildingB_Floor2,TypeB
1004,2025-04-05T18:54:17.000Z,19.41,50.42,BuildingA_Floor1,TypeA
1079,2025-04-08T03:13:27.000Z,20.68,37.66,BuildingA_Floor1,TypeB
1010,2025-04-08T03:20:57.000Z,32.9,51.71,BuildingB_Floor1,TypeA
1061,2025-04-07T04:17:47.000Z,32.7,75.07,BuildingB_Floor2,TypeA
1035,2025-04-05T23:16:29.000Z,15.21,63.64,BuildingB_Floor1,TypeA
1022,2025-04-08T01:49:33.000Z,20.28,43.68,BuildingB_Floor1,TypeA
1014,2025-04-10T15:14:25.000Z,22.95,35.66,BuildingA_Floor1,TypeA
1012,2025-04-07T07:20:37.000Z,27.79,63.24,BuildingA_Floor2,TypeA
1085,2025-04-05T21:25:18.000Z,16.98,76.23,BuildingB_Floor2,TypeA
1046,2025-04-06T09:39:47.000Z,26.23,58.12,BuildingA_Floor1,TypeC
1003,2025-04-06T18:24:05.000Z,29.42,37.14,BuildingA_Floor2,TypeA
1086,2025-04-07T07:39:35.000Z,21.61,35.18,BuildingB_Floor2,TypeC
1031,2025-04-08T18:23:05.000Z,21.59,53.23,BuildingB_Floor1,TypeC
1072,2025-04-07T12:20:26.000Z,15.03,48.59,BuildingA_Floor1,TypeA
1014,2025-04-08T18:30:40.000Z,33.67,70.76,BuildingB_Floor1,TypeB
1003,2025-04-09T14:54:45.000Z,18.31,58.05,BuildingB_Floor1,TypeC
1008,2025-04-06T17:04:34.000Z,28.06,71.09,BuildingA_Floor1,TypeC
1093,2025-04-08T18:57:01.000Z,29.22,31.28,BuildingA_Floor1,TypeB
1077,2025-04-08T01:51:21.000Z,31.7,72.37,BuildingB_Floor1,TypeB
1079,2025-04-08T01:55:07.000Z,30.09,72.56,BuildingA_Floor2,TypeA
1092,2025-04-08T01:23:39.000Z,20.99,37.36,BuildingA_Floor1,TypeA
1044,2025-04-06T14:12:24.000Z,33.58,34.03,BuildingA_Floor1,TypeB
1029,2025-04-09T08:14:28.000Z,19.95,77.48,BuildingB_Floor1,TypeB
1079,2025-04-07T16:28:57.000Z,17.26,66.25,BuildingB_Floor2,TypeB
1029,2025-04-10T02:40:48.000Z,26.69,51.9,BuildingB_Floor2,TypeC
1059,2025-04-07T20:17:32.000Z,24.17,32.91,BuildingA_Floor2,TypeC
1062,2025-04-07T21:22:46.000Z,30.5,60.7,BuildingB_Floor1,TypeC
1054,2025-04-10T01:12:35.000Z,24.53,33.5,BuildingA_Floor1,TypeC
1021,2025-04-05T20:18:51.000Z,26.1,64.63,BuildingB_Floor2,TypeB
1021,2025-04-09T05:06:21.000Z,29.9,65.08,BuildingA_Floor2,TypeA
1079,2025-04-07T06:09:44.000Z,29.13,74.25,BuildingA_Floor1,TypeA
1065,2025-04-07T18:57:49.000Z,32.01,39.79,BuildingB_Floor1,TypeC
1068,2025-04-07T21:25:12.000Z,21.98,73.33,BuildingB_Floor2,TypeA
1084,2025-04-08T01:57:14.000Z,22.13,59.88,BuildingB_Floor2,TypeC
1055,2025-04-10T04:35:49.000Z,25.95,46.03,BuildingA_Floor2,TypeA
1009,2025-04-08T09:06:33.000Z,20.31,71.58,BuildingA_Floor2,TypeC
1061,2025-04-08T05:51:25.000Z,19.64,52.82,BuildingB_Floor1,TypeB
1065,2025-04-07T13:24:57.000Z,31.85,52.14,BuildingB_Floor2,TypeA
1076,2025-04-09T13:03:28.000Z,31.98,48.66,BuildingA_Floor1,TypeB
1053,2025-04-05T18:23:57.000Z,22.42,46.59,BuildingB_Floor2,TypeC
1019,2025-04-10T01:17:34.000Z,28.63,45.48,BuildingA_Floor2,TypeC
1026,2025-04-10T16:09:22.000Z,23.97,66.19,BuildingA_Floor2,TypeA
1024,2025-04-10T15:25:28.000Z,32.84,40.96,BuildingB_Floor1,TypeA
1032,2025-04-08T19:08:21.000Z,15.32,32.06,BuildingB_Floor1,TypeA
1078,2025-04-08T04:07:15.000Z,18.04,34.22,BuildingA_Floor2,TypeA
1099,2025-04-06T22:27:28.000Z,21.27,67.39,BuildingA_Floor2,TypeB
1084,2025-04-07T18:52:50.000Z,32.03,56.13,BuildingA_Floor1,TypeB
1046,2025-04-05T22:44:01.000Z,19.09,54.73,BuildingA_Floor1,TypeC
1048,2025-04-09T06:26:12.000Z,31.86,74.32,BuildingB_Floor1,TypeB
1039,2025-04-10T15:26:26.000Z,15.33,50.76,BuildingA_Floor2,TypeC
1046,2025-04-05T18:41:27.000Z,27.45,68.9,BuildingA_Floor2,TypeB
1003,2025-04-10T07:16:28.000Z,34.08,77.69,BuildingA_Floor2,TypeC
1034,2025-04-08T01:17:37.000Z,17.17,60.6,BuildingA_Floor2,TypeC
1041,2025-04-06T18:33:49.000Z,21.6,36.44,BuildingA_Floor1,TypeB
1050,2025-04-09T19:02:19.000Z,31.23,31.03,BuildingB_Floor2,TypeC
1086,2025-04-07T13:32:32.000Z,21.01,77.51,BuildingA_Floor2,TypeB
1067,2025-04-06T00:16:54.000Z,24.99,40.81,BuildingA_Floor1,TypeB
1054,2025-04-06T23:41:48.000Z,27.11,36.08,BuildingB_Floor2,TypeC
1062,2025-04-06T01:16:06.000Z,30.49,43.95,BuildingB_Floor1,TypeC
1022,2025-04-06T01:59:24.000Z,26.63,68.32,BuildingB_Floor2,TypeC
1048,2025-04-08T09:49:15.000Z,27.26,47.44,BuildingA_Floor1,TypeB
1054,2025-04-10T05:13:35.000Z,26.08,56.84,BuildingB_Floor1,TypeC
1023,2025-04-10T08:27:21.000Z,32.95,68.57,BuildingB_Floor2,TypeB
1002,2025-04-06T17:04:02.000Z,18.18,77.84,BuildingB_Floor2,TypeA
1030,2025-04-07T00:44:43.000Z,32.71,37.4,BuildingB_Floor2,TypeA
1086,2025-04-06T01:24:24.000Z,30.82,65.33,BuildingB_Floor2,TypeA
1079,2025-04-07T11:55:45.000Z,28.77,34.03,BuildingA_Floor2,TypeB
1097,2025-04-09T14:58:13.000Z,31.68,52.28,BuildingA_Floor1,TypeA
1099,2025-04-09T02:27:38.000Z,23.45,71.9,BuildingA_Floor1,TypeB
1061,2025-04-07T20:22:35.000Z,31.43,51.82,BuildingB_Floor1,TypeC
1013,2025-04-10T13:31:48.000Z,18.64,53.08,BuildingA_Floor2,TypeB
1055,2025-04-06T14:34:48.000Z,24.03,65.57,BuildingB_Floor2,TypeC
1049,2025-04-10T00:36:22.000Z,17.22,46.62,BuildingA_Floor1,TypeB
1071,2025-04-08T00:28:31.000Z,30.92,31.05,BuildingA_Floor1,TypeB
1030,2025-04-09T00:26:24.000Z,21.98,49.35,BuildingA_Floor2,TypeB
1076,2025-04-05T23:49:46.000Z,19.06,30.74,BuildingA_Floor1,TypeB
1001,2025-04-09T01:12:58.000Z,17.83,45.59,BuildingB_Floor2,TypeC
1021,2025-04-09T02:10:51.000Z,19.36,71.3,BuildingB_Floor1,TypeC
1065,2025-04-09T09:33:32.000Z,28.67,43.64,BuildingB_Floor1,TypeC
1033,2025-04-05T18:36:47.000Z,22.46,31.94,BuildingB_Floor1,TypeC
1047,2025-04-10T00:12:02.000Z,30.85,39.35,BuildingB_Floor1,TypeB
1073,2025-04-06T02:11:10.000Z,19.39,31.65,BuildingA_Floor2,TypeB
1080,2025-04-06T04:01:13.000Z,16.8,74.88,BuildingA_Floor2,TypeB
1042,2025-04-09T17:31:58.000Z,24.46,35.5,BuildingB_Floor2,TypeC
1087,2025-04-07T05:28:38.000Z,33.52,64.98,BuildingA_Floor2,TypeA
1080,2025-04-07T22:20:54.000Z,32.64,33.99,BuildingA_Floor2,TypeC
1027,2025-04-08T04:26:37.000Z,32.03,71.31,BuildingB_Floor2,TypeA
1051,2025-04-09T01:00:27.000Z,17.39,73.06,BuildingA_Floor2,TypeA
1084,2025-04-09T12:53:07.000Z,24.35,44.44,BuildingB_Floor1,TypeA
1085,2025-04-10T15:14:29.000Z,24.11,61.49,BuildingA_Floor2,TypeB
1053,2025-04-06T23:52:56.000Z,24.22,72.29,BuildingA_Floor2,TypeC
1091,2025-04-09T04:14:26.000Z,15.54,42.86,BuildingB_Floor2,TypeB
1000,2025-04-08T01:37:00.000Z,17.51,67.43,BuildingB_Floor1,TypeB
1069,2025-04-09T20:32:40.000Z,25.58,46.74,BuildingA_Floor2,TypeB
1048,2025-04-09T18:56:55.000Z,30.95,73.74,BuildingA_Floor2,TypeA
1099,2025-04-08T18:08:27.000Z,18.69,40.54,BuildingA_Floor2,TypeC
1012,2025-04-10T10:49:37.000Z,22.1,60.78,BuildingB_Floor2,TypeB
1028,2025-04-08T03:58:31.000Z,16.82,38.76,BuildingA_Floor1,TypeB
1069,2025-04-07T17:47:45.000Z,25.14,33.49,BuildingB_Floor1,TypeB
1028,2025-04-09T21:42:40.000Z,24.39,70.08,BuildingB_Floor1,TypeC
1005,2025-04-06T21:34:29.000Z,24.47,30.44,BuildingB_Floor1,TypeC
1073,2025-04-08T21:27:34.000Z,21.96,43.29,BuildingA_Floor1,TypeA
1044,2025-04-08T16:40:13.000Z,29.25,33.64,BuildingA_Floor1,TypeC
1016,2025-04-08T07:46:46.000Z,19.47,66.22,BuildingA_Floor1,TypeA
1057,2025-04-07T22:41:03.000Z,20.57,37.27,BuildingB_Floor2,TypeC
1020,2025-04-08T00:27:24.000Z,31.5,57.36,BuildingA_Floor2,TypeC
1053,2025-04-07T02:00:16.000Z,21.81,30.93,BuildingB_Floor2,TypeA
1093,2025-04-09T07:29:22.000Z,24.72,44.7,BuildingB_Floor1,TypeB
1057,2025-04-07T09:11:21.000Z,27.0,31.8,BuildingB_Floor2,TypeA
1081,2025-04-10T11:48:57.000Z,28.78,54.74,BuildingA_Floor2,TypeC
1091,2025-04-07T00:30:26.000Z,16.1,38.23,BuildingB_Floor1,TypeB
1092,2025-04-05T19:51:40.000Z,23.14,37.92,BuildingA_Floor1,TypeA
1098,2025-04-10T13:42:12.000Z,32.69,68.0,BuildingB_Floor2,TypeB
1091,2025-04-09T21:16:37.000Z,29.69,62.86,BuildingA_Floor1,TypeB
1085,2025-04-09T08:44:33.000Z,18.95,77.85,BuildingA_Floor2,TypeA
1089,2025-04-08T05:32:31.000Z,20.81,39.57,BuildingB_Floor2,TypeC
1087,2025-04-07T03:28:42.000Z,18.36,45.18,BuildingB_Floor2,TypeC
1095,2025-04-07T11:03:04.000Z,24.97,37.96,BuildingB_Floor2,TypeC
1075,2025-04-08T03:36:24.000Z,31.1,30.63,BuildingB_Floor1,TypeC
1046,2025-04-08T11:05:37.000Z,23.73,75.02,BuildingB_Floor1,TypeB
1073,2025-04-08T18:52:23.000Z,34.79,30.55,BuildingA_Floor1,TypeC
1093,2025-04-08T21:32:20.000Z,21.56,43.01,BuildingA_Floor1,TypeC
1097,2025-04-07T01:23:54.000Z,17.14,30.68,BuildingA_Floor1,TypeA
1083,2025-04-08T22:14:39.000Z,24.05,32.21,BuildingA_Floor1,TypeA
1031,2025-04-06T06:43:24.000Z,15.69,73.52,BuildingA_Floor1,TypeA
1069,2025-04-06T09:26:14.000Z,32.29,73.98,BuildingB_Floor2,TypeB
1032,2025-04-09T00:54:17.000Z,17.23,53.31,BuildingB_Floor2,TypeC
1013,2025-04-10T10:49:28.000Z,17.18,76.72,BuildingA_Floor1,TypeA
1016,2025-04-09T16:29:31.000Z,19.2,43.59,BuildingA_Floor2,TypeB
1051,2025-04-07T00:52:54.000Z,28.97,66.92,BuildingA_Floor1,TypeB
1083,2025-04-07T19:37:52.000Z,27.27,69.23,BuildingB_Floor2,TypeB
1064,2025-04-05T20:52:19.000Z,16.51,66.67,BuildingA_Floor1,TypeB
1061,2025-04-10T17:56:34.000Z,19.47,58.73,BuildingB_Floor1,TypeB
1049,2025-04-09T01:32:58.000Z,26.63,37.23,BuildingA_Floor2,TypeB
1022,2025-04-06T14:08:36.000Z,21.22,52.87,BuildingB_Floor2,TypeC
1047,2025-04-09T08:40:59.000Z,23.28,55.57,BuildingA_Floor1,TypeC
1066,2025-04-05T20:31:01.000Z,18.25,68.0,BuildingB_Floor1,TypeA
1081,2025-04-05T19:14:22.000Z,29.91,40.97,BuildingA_Floor2,TypeA
1083,2025-04-08T16:37:43.000Z,16.57,59.67,BuildingB_Floor2,TypeC
1047,2025-04-07T14:34:05.000Z,23.77,54.98,BuildingB_Floor1,TypeC
1029,2025-04-05T23:21:28.000Z,31.03,64.81,BuildingA_Floor1,TypeA
1082,2025-04-07T10:38:10.000Z,22.61,70.43,BuildingB_Floor2,TypeB
1022,2025-04-06T22:08:35.000Z,22.61,79.46,BuildingA_Floor1,TypeB
1045,2025-04-10T18:08:12.000Z,31.54,45.46,BuildingA_Floor1,TypeA
1030,2025-04-08T09:31:55.000Z,17.59,65.54,BuildingA_Floor2,TypeB
1021,2025-04-06T02:10:22.000Z,32.75,33.38,BuildingA_Floor2,TypeB
1093,2025-04-09T22:02:35.000Z,28.69,67.12,BuildingA_Floor2,TypeA
1025,2025-04-05T21:14:46.000Z,23.63,47.11,BuildingA_Floor1,TypeC
1081,2025-04-06T21:17:18.000Z,15.71,50.64,BuildingA_Floor1,TypeB
1055,2025-04-08T04:41:05.000Z,31.6,79.83,BuildingB_Floor1,TypeA
1073,2025-04-05T19:47:50.000Z,19.65,53.0,BuildingB_Floor2,TypeC
1098,2025-04-08T22:02:51.000Z,20.08,60.67,BuildingB_Floor2,TypeB
1000,2025-04-10T14:34:54.000Z,30.46,74.9,BuildingA_Floor2,TypeB
1039,2025-04-06T14:47:43.000Z,28.14,47.6,BuildingA_Floor1,TypeA
1062,2025-04-09T21:56:47.000Z,27.77,55.3,BuildingB_Floor1,TypeA
1015,2025-04-10T14:19:14.000Z,30.01,65.79,BuildingA_Floor1,TypeA
1034,2025-04-07T01:47:49.000Z,34.47,56.23,BuildingB_Floor2,TypeA
1060,2025-04-06T17:58:38.000Z,31.87,51.87,BuildingB_Floor2,TypeB
1094,2025-04-08T04:57:09.000Z,32.2,49.4,BuildingA_Floor1,TypeC
1057,2025-04-05T21:27:37.000Z,21.6,70.82,BuildingB_Floor1,TypeA
1018,2025-04-06T18:00:41.000Z,24.63,75.06,BuildingA_Floor2,TypeC
1047,2025-04-08T06:56:50.000Z,20.56,33.21,BuildingA_Floor1,TypeC
1069,2025-04-08T18:36:07.000Z,18.28,67.65,BuildingA_Floor1,TypeB
1066,2025-04-09T04:38:38.000Z,20.1,72.61,BuildingB_Floor1,TypeB
1064,2025-04-09T12:58:30.000Z,28.27,62.15,BuildingA_Floor2,TypeA
1076,2025-04-06T03:33:57.000Z,30.43,45.83,BuildingB_Floor1,TypeA
1044,2025-04-06T16:38:57.000Z,21.77,55.9,BuildingB_Floor1,TypeB
1020,2025-04-10T06:15:13.000Z,21.74,72.71,BuildingB_Floor1,TypeC
1088,2025-04-06T09:39:08.000Z,24.48,53.46,BuildingA_Floor1,TypeB
1006,2025-04-06T06:28:18.000Z,19.1,69.19,BuildingB_Floor1,TypeB
1009,2025-04-10T05:54:50.000Z,23.92,68.46,BuildingA_Floor2,TypeB
1080,2025-04-09T19:39:39.000Z,17.84,72.52,BuildingB_Floor1,TypeA
1012,2025-04-09T06:01:22.000Z,23.94,56.38,BuildingA_Floor1,TypeC
1037,2025-04-07T13:37:35.000Z,26.18,30.42,BuildingB_Floor1,TypeA
1075,2025-04-10T04:14:23.000Z,32.95,73.7,BuildingB_Floor1,TypeA
1062,2025-04-05T19:56:27.000Z,34.06,47.69,BuildingB_Floor1,TypeA
1009,2025-04-09T07:32:58.000Z,22.68,61.92,BuildingA_Floor1,TypeC
1067,2025-04-07T21:21:34.000Z,26.13,45.49,BuildingB_Floor2,TypeB
1049,2025-04-09T15:52:41.000Z,33.28,71.74,BuildingA_Floor1,TypeA
1050,2025-04-08T06:44:37.000Z,16.48,76.87,BuildingA_Floor2,TypeA
1061,2025-04-07T17:38:32.000Z,18.49,63.46,BuildingB_Floor2,TypeA
1054,2025-04-08T14:01:43.000Z,25.83,47.58,BuildingA_Floor1,TypeC
1024,2025-04-08T21:42:00.000Z,26.75,48.67,BuildingB_Floor2,TypeB
1007,2025-04-06T19:54:03.000Z,19.71,71.07,BuildingA_Floor2,TypeC
1040,2025-04-10T07:06:50.000Z,30.91,47.02,BuildingA_Floor2,TypeA
1056,2025-04-08T16:50:12.000Z,21.21,45.5,BuildingA_Floor1,TypeC
1048,2025-04-07T07:20:48.000Z,19.61,78.48,BuildingA_Floor2,TypeA
1075,2025-04-08T05:41:44.000Z,25.99,52.68,BuildingB_Floor1,TypeC
1023,2025-04-09T05:11:37.000Z,29.04,76.27,BuildingA_Floor2,TypeA
1053,2025-04-06T18:44:11.000Z,23.89,43.36,BuildingB_Floor2,TypeC
1075,2025-04-08T12:11:57.000Z,33.89,61.49,BuildingA_Floor2,TypeC
1075,2025-04-10T05:49:21.000Z,26.04,77.53,BuildingA_Floor1,TypeC
1083,2025-04-08T08:22:32.000Z,33.28,64.11,BuildingA_Floor1,TypeB
1022,2025-04-09T08:44:50.000Z,20.68,70.31,BuildingB_Floor1,TypeA
1078,2025-04-06T11:04:15.000Z,28.61,66.76,BuildingA_Floor1,TypeA
1098,2025-04-07T20:08:35.000Z,27.02,32.04,BuildingA_Floor1,TypeB
1045,2025-04-09T23:43:24.000Z,34.6,71.66,BuildingA_Floor2,TypeB
1031,2025-04-09T16:00:40.000Z,15.38,76.51,BuildingA_Floor2,TypeA
1019,2025-04-08T00:56:20.000Z,27.04,74.89,BuildingA_Floor1,TypeC
1065,2025-04-08T16:25:46.000Z,18.7,51.93,BuildingA_Floor1,TypeA
1060,2025-04-06T09:43:19.000Z,26.68,46.8,BuildingA_Floor2,TypeA
1051,2025-04-06T18:57:39.000Z,19.58,71.86,BuildingB_Floor2,TypeB
1096,2025-04-07T05:40:17.000Z,22.09,77.93,BuildingA_Floor2,TypeA
1057,2025-04-10T06:15:08.000Z,32.21,46.41,BuildingB_Floor1,TypeC
1059,2025-04-10T17:02:43.000Z,32.26,34.23,BuildingA_Floor1,TypeC
1041,2025-04-07T22:48:32.000Z,24.03,32.72,BuildingA_Floor1,TypeB
1049,2025-04-07T01:33:36.000Z,29.62,70.78,BuildingA_Floor1,TypeC
1090,2025-04-06T01:29:28.000Z,30.72,51.61,BuildingB_Floor1,TypeB
1001,2025-04-08T04:48:41.000Z,32.09,37.83,BuildingB_Floor1,TypeB
1055,2025-04-09T09:19:39.000Z,22.33,32.83,BuildingA_Floor2,TypeC
1060,2025-04-07T21:37:27.000Z,33.09,56.68,BuildingA_Floor2,TypeC
1012,2025-04-09T04:11:33.000Z,20.06,31.39,BuildingA_Floor2,TypeB
1094,2025-04-06T19:57:05.000Z,27.82,79.75,BuildingB_Floor2,TypeA
1094,2025-04-06T17:58:35.000Z,16.4,72.62,BuildingB_Floor2,TypeB
1041,2025-04-09T16:32:02.000Z,21.34,54.79,BuildingB_Floor2,TypeA
1039,2025-04-08T17:56:29.000Z,18.69,60.55,BuildingB_Floor2,TypeA
1023,2025-04-06T14:03:38.000Z,15.69,53.17,BuildingB_Floor1,TypeB
1041,2025-04-07T12:35:21.000Z,19.54,37.95,BuildingB_Floor1,TypeA
1087,2025-04-06T21:19:49.000Z,19.05,36.91,BuildingA_Floor1,TypeB
1006,2025-04-10T16:38:56.000Z,27.09,56.72,BuildingB_Floor2,TypeA
1044,2025-04-05T22:51:49.000Z,25.23,61.41,BuildingA_Floor1,TypeA
1046,2025-04-10T16:20:03.000Z,18.89,42.41,BuildingA_Floor2,TypeA
1043,2025-04-06T04:54:21.000Z,18.57,69.73,BuildingA_Floor1,TypeC
1058,2025-04-06T14:40:26.000Z,20.28,37.8,BuildingA_Floor1,TypeA
1072,2025-04-08T18:52:22.000Z,25.37,38.44,BuildingA_Floor1,TypeB
1051,2025-04-07T13:22:53.000Z,34.85,31.35,BuildingB_Floor1,TypeC
1004,2025-04-09T21:31:47.000Z,34.92,61.23,BuildingA_Floor2,TypeB
1065,2025-04-10T01:05:18.000Z,32.89,53.75,BuildingB_Floor2,TypeA
1023,2025-04-09T10:37:25.000Z,19.38,37.77,BuildingB_Floor1,TypeC
1002,2025-04-07T16:07:08.000Z,19.28,34.13,BuildingB_Floor2,TypeA
1009,2025-04-08T03:11:51.000Z,17.03,55.26,BuildingB_Floor2,TypeA
1036,2025-04-09T01:28:05.000Z,25.84,46.36,BuildingA_Floor1,TypeC
1019,2025-04-09T08:27:45.000Z,22.14,58.84,BuildingB_Floor1,TypeA
1094,2025-04-10T09:54:35.000Z,16.26,61.78,BuildingA_Floor1,TypeA
1037,2025-04-09T04:59:57.000Z,16.74,50.5,BuildingA_Floor1,TypeB
1020,2025-04-06T20:12:24.000Z,25.78,66.63,BuildingA_Floor2,TypeA
1064,2025-04-08T13:53:53.000Z,26.94,72.31,BuildingA_Floor2,TypeB
1041,2025-04-06T19:22:31.000Z,28.1,42.05,BuildingB_Floor1,TypeB
1093,2025-04-09T22:33:57.000Z,33.85,46.27,BuildingA_Floor1,TypeC
1077,2025-04-09T05:37:51.000Z,31.54,45.54,BuildingA_Floor2,TypeC
1099,2025-04-06T15:01:29.000Z,17.92,79.73,BuildingA_Floor1,TypeB
1090,2025-04-08T10:46:31.000Z,28.0,79.33,BuildingA_Floor2,TypeA
1083,2025-04-09T02:38:58.000Z,32.24,73.7,BuildingA_Floor1,TypeB
1093,2025-04-06T02:24:16.000Z,33.34,78.88,BuildingA_Floor1,TypeA
1081,2025-04-08T20:00:40.000Z,25.64,48.75,BuildingB_Floor2,TypeC
1015,2025-04-09T01:35:30.000Z,16.1,69.22,BuildingB_Floor2,TypeC
1045,2025-04-08T17:44:23.000Z,18.92,46.94,BuildingB_Floor1,TypeA
1036,2025-04-05T21:54:16.000Z,29.46,36.2,BuildingA_Floor1,TypeA
1032,2025-04-08T07:28:01.000Z,25.3,72.71,BuildingA_Floor2,TypeB
1095,2025-04-06T13:21:30.000Z,31.98,37.57,BuildingB_Floor1,TypeC
1043,2025-04-08T06:42:44.000Z,31.86,42.88,BuildingB_Floor1,TypeB
1067,2025-04-10T03:25:19.000Z,28.4,66.67,BuildingB_Floor1,TypeA
1009,2025-04-09T22:25:17.000Z,17.18,46.82,BuildingA_Floor2,TypeA
1023,2025-04-07T02:21:04.000Z,34.68,33.87,BuildingB_Floor1,TypeB
1060,2025-04-06T13:23:40.000Z,19.08,49.02,BuildingA_Floor1,TypeA
1009,2025-04-10T14:36:12.000Z,23.55,53.61,BuildingA_Floor1,TypeA
1027,2025-04-07T23:51:37.000Z,33.25,78.44,BuildingA_Floor2,TypeC
1090,2025-04-08T22:04:55.000Z,18.67,31.18,BuildingA_Floor2,TypeB
1014,2025-04-10T05:43:03.000Z,29.82,53.73,BuildingB_Floor2,TypeC
1074,2025-04-07T17:38:57.000Z,26.8,41.7,BuildingA_Floor2,TypeC
1047,2025-04-10T00:07:33.000Z,29.2,52.79,BuildingA_Floor1,TypeB
